spatial id,temporal id,Target (normal),Normal target,occurrence t-5,occurrence t-4,occurrence t-3,occurrence t-2,occurrence t-1,occurrence t
4,6,0.0,0.0,0,0,0,0,0,0
7,6,0.0,0.0,0,0,0,0,0,1
8,6,0.0,0.0,0,0,0,0,0,0
9,6,0.0,0.0,0,0,0,0,0,0
4,7,0.0,0.0,0,0,0,0,0,0
7,7,0.0,0.0,0,0,0,0,1,0
8,7,0.0,0.0,0,0,0,0,0,0
9,7,0.0,0.0,0,0,0,0,0,0
4,8,0.0,0.0,0,0,0,0,0,0
7,8,0.0,0.0,0,0,0,1,0,0
8,8,1.0,1.0,0,0,0,0,0,0
9,8,0.0,0.0,0,0,0,0,0,0
4,9,0.0,0.0,0,0,0,0,0,0
7,9,0.0,0.0,0,0,1,0,0,0
8,9,0.0,0.0,0,0,0,0,0,0
9,9,0.0,0.0,0,0,0,0,0,0
4,10,0.0,0.0,0,0,0,0,0,0
7,10,0.0,0.0,0,1,0,0,0,0
8,10,1.0,1.0,0,0,0,0,0,0
9,10,0.0,0.0,0,0,0,0,0,0
4,11,0.0,0.0,0,0,0,0,0,0
7,11,0.0,0.0,1,0,0,0,0,0
8,11,0.0,0.0,0,0,0,0,0,1
9,11,0.0,0.0,0,0,0,0,0,0
4,12,1.0,1.0,0,0,0,0,0,0
7,12,1.0,1.0,0,0,0,0,0,0
8,12,1.0,1.0,0,0,0,0,1,0
9,12,0.0,0.0,0,0,0,0,0,0
4,13,0.0,0.0,0,0,0,0,0,0
7,13,1.0,1.0,0,0,0,0,0,0
8,13,1.0,1.0,0,0,0,1,0,1
9,13,0.0,0.0,0,0,0,0,0,0
4,14,1.0,1.0,0,0,0,0,0,0
7,14,0.0,0.0,0,0,0,0,0,0
8,14,0.0,0.0,0,0,1,0,1,0
9,14,0.0,0.0,0,0,0,0,0,0
4,15,0.0,0.0,0,0,0,0,0,1
7,15,0.0,0.0,0,0,0,0,0,1
8,15,0.0,0.0,0,1,0,1,0,1
9,15,0.0,0.0,0,0,0,0,0,0
4,16,0.0,0.0,0,0,0,0,1,0
7,16,0.0,0.0,0,0,0,0,1,1
8,16,0.0,0.0,1,0,1,0,1,1
9,16,0.0,0.0,0,0,0,0,0,0
4,17,0.0,0.0,0,0,0,1,0,1
7,17,0.0,0.0,0,0,0,1,1,0
8,17,1.0,1.0,0,1,0,1,1,0
9,17,0.0,0.0,0,0,0,0,0,0
4,18,0.0,0.0,0,0,1,0,1,0
7,18,0.0,0.0,0,0,1,1,0,0
8,18,0.0,0.0,1,0,1,1,0,0
9,18,0.0,0.0,0,0,0,0,0,0
4,19,0.0,0.0,0,1,0,1,0,0
7,19,0.0,0.0,0,1,1,0,0,0
8,19,0.0,0.0,0,1,1,0,0,0
9,19,0.0,0.0,0,0,0,0,0,0
4,20,0.0,0.0,1,0,1,0,0,0
7,20,0.0,0.0,1,1,0,0,0,0
8,20,0.0,0.0,1,1,0,0,0,1
9,20,0.0,0.0,0,0,0,0,0,0
4,21,0.0,0.0,0,1,0,0,0,0
7,21,0.0,0.0,1,0,0,0,0,0
8,21,0.0,0.0,1,0,0,0,1,0
9,21,0.0,0.0,0,0,0,0,0,0
4,22,0.0,0.0,1,0,0,0,0,0
7,22,0.0,0.0,0,0,0,0,0,0
8,22,0.0,0.0,0,0,0,1,0,0
9,22,0.0,0.0,0,0,0,0,0,0
4,23,0.0,0.0,0,0,0,0,0,0
7,23,0.0,0.0,0,0,0,0,0,0
8,23,0.0,0.0,0,0,1,0,0,0
9,23,0.0,0.0,0,0,0,0,0,0
4,24,0.0,0.0,0,0,0,0,0,0
7,24,0.0,0.0,0,0,0,0,0,0
8,24,0.0,0.0,0,1,0,0,0,0
9,24,0.0,0.0,0,0,0,0,0,0
4,25,0.0,0.0,0,0,0,0,0,0
7,25,0.0,0.0,0,0,0,0,0,0
8,25,0.0,0.0,1,0,0,0,0,0
9,25,0.0,0.0,0,0,0,0,0,0
4,26,0.0,0.0,0,0,0,0,0,0
7,26,0.0,0.0,0,0,0,0,0,0
8,26,0.0,0.0,0,0,0,0,0,0
9,26,0.0,0.0,0,0,0,0,0,0
4,27,0.0,0.0,0,0,0,0,0,0
7,27,0.0,0.0,0,0,0,0,0,0
8,27,0.0,0.0,0,0,0,0,0,0
9,27,0.0,0.0,0,0,0,0,0,0
4,28,0.0,0.0,0,0,0,0,0,0
7,28,0.0,0.0,0,0,0,0,0,0
8,28,0.0,0.0,0,0,0,0,0,0
9,28,0.0,0.0,0,0,0,0,0,0
4,29,0.0,0.0,0,0,0,0,0,0
7,29,0.0,0.0,0,0,0,0,0,0
8,29,0.0,0.0,0,0,0,0,0,0
9,29,0.0,0.0,0,0,0,0,0,0
4,30,0.0,0.0,0,0,0,0,0,0
7,30,0.0,0.0,0,0,0,0,0,0
8,30,0.0,0.0,0,0,0,0,0,0
9,30,0.0,0.0,0,0,0,0,0,0
4,31,0.0,0.0,0,0,0,0,0,0
7,31,0.0,0.0,0,0,0,0,0,0
8,31,0.0,0.0,0,0,0,0,0,0
9,31,0.0,0.0,0,0,0,0,0,0
4,32,0.0,0.0,0,0,0,0,0,0
7,32,0.0,0.0,0,0,0,0,0,0
8,32,0.0,0.0,0,0,0,0,0,0
9,32,0.0,0.0,0,0,0,0,0,0
4,33,0.0,0.0,0,0,0,0,0,0
7,33,0.0,0.0,0,0,0,0,0,0
8,33,0.0,0.0,0,0,0,0,0,0
9,33,0.0,0.0,0,0,0,0,0,0
4,34,0.0,0.0,0,0,0,0,0,0
7,34,0.0,0.0,0,0,0,0,0,0
8,34,0.0,0.0,0,0,0,0,0,0
9,34,0.0,0.0,0,0,0,0,0,0
4,35,0.0,0.0,0,0,0,0,0,0
7,35,0.0,0.0,0,0,0,0,0,0
8,35,0.0,0.0,0,0,0,0,0,0
9,35,0.0,0.0,0,0,0,0,0,0
4,36,0.0,0.0,0,0,0,0,0,0
7,36,0.0,0.0,0,0,0,0,0,0
8,36,0.0,0.0,0,0,0,0,0,0
9,36,0.0,0.0,0,0,0,0,0,0
4,37,0.0,0.0,0,0,0,0,0,0
7,37,0.0,0.0,0,0,0,0,0,0
8,37,0.0,0.0,0,0,0,0,0,0
9,37,0.0,0.0,0,0,0,0,0,0
4,38,0.0,0.0,0,0,0,0,0,0
7,38,0.0,0.0,0,0,0,0,0,0
8,38,0.0,0.0,0,0,0,0,0,0
9,38,0.0,0.0,0,0,0,0,0,0
4,39,0.0,0.0,0,0,0,0,0,0
7,39,0.0,0.0,0,0,0,0,0,0
8,39,0.0,0.0,0,0,0,0,0,0
9,39,1.0,1.0,0,0,0,0,0,0
4,40,0.0,0.0,0,0,0,0,0,0
7,40,0.0,0.0,0,0,0,0,0,0
8,40,0.0,0.0,0,0,0,0,0,0
9,40,0.0,0.0,0,0,0,0,0,0
4,41,0.0,0.0,0,0,0,0,0,0
7,41,0.0,0.0,0,0,0,0,0,0
8,41,0.0,0.0,0,0,0,0,0,0
9,41,0.0,0.0,0,0,0,0,0,0
4,42,0.0,0.0,0,0,0,0,0,0
7,42,0.0,0.0,0,0,0,0,0,0
8,42,0.0,0.0,0,0,0,0,0,0
9,42,0.0,0.0,0,0,0,0,0,1
4,43,0.0,0.0,0,0,0,0,0,0
7,43,0.0,0.0,0,0,0,0,0,0
8,43,0.0,0.0,0,0,0,0,0,0
9,43,0.0,0.0,0,0,0,0,1,0
4,44,0.0,0.0,0,0,0,0,0,0
7,44,0.0,0.0,0,0,0,0,0,0
8,44,0.0,0.0,0,0,0,0,0,0
9,44,0.0,0.0,0,0,0,1,0,0
4,45,0.0,0.0,0,0,0,0,0,0
7,45,0.0,0.0,0,0,0,0,0,0
8,45,0.0,0.0,0,0,0,0,0,0
9,45,0.0,0.0,0,0,1,0,0,0
4,46,0.0,0.0,0,0,0,0,0,0
7,46,0.0,0.0,0,0,0,0,0,0
8,46,0.0,0.0,0,0,0,0,0,0
9,46,0.0,0.0,0,1,0,0,0,0
4,47,0.0,0.0,0,0,0,0,0,0
7,47,0.0,0.0,0,0,0,0,0,0
8,47,0.0,0.0,0,0,0,0,0,0
9,47,0.0,0.0,1,0,0,0,0,0
4,48,0.0,0.0,0,0,0,0,0,0
7,48,0.0,0.0,0,0,0,0,0,0
8,48,1.0,1.0,0,0,0,0,0,0
9,48,0.0,0.0,0,0,0,0,0,0
4,49,0.0,0.0,0,0,0,0,0,0
7,49,0.0,0.0,0,0,0,0,0,0
8,49,0.0,0.0,0,0,0,0,0,0
9,49,0.0,0.0,0,0,0,0,0,0
4,50,0.0,0.0,0,0,0,0,0,0
7,50,0.0,0.0,0,0,0,0,0,0
8,50,0.0,0.0,0,0,0,0,0,0
9,50,0.0,0.0,0,0,0,0,0,0
4,51,0.0,0.0,0,0,0,0,0,0
7,51,0.0,0.0,0,0,0,0,0,0
8,51,0.0,0.0,0,0,0,0,0,1
9,51,0.0,0.0,0,0,0,0,0,0
4,52,0.0,0.0,0,0,0,0,0,0
7,52,0.0,0.0,0,0,0,0,0,0
8,52,0.0,0.0,0,0,0,0,1,0
9,52,0.0,0.0,0,0,0,0,0,0
4,53,0.0,0.0,0,0,0,0,0,0
7,53,0.0,0.0,0,0,0,0,0,0
8,53,0.0,0.0,0,0,0,1,0,0
9,53,0.0,0.0,0,0,0,0,0,0
4,54,0.0,0.0,0,0,0,0,0,0
7,54,1.0,1.0,0,0,0,0,0,0
8,54,0.0,0.0,0,0,1,0,0,0
9,54,1.0,1.0,0,0,0,0,0,0
4,55,0.0,0.0,0,0,0,0,0,0
7,55,0.0,0.0,0,0,0,0,0,0
8,55,0.0,0.0,0,1,0,0,0,0
9,55,0.0,0.0,0,0,0,0,0,0
4,56,0.0,0.0,0,0,0,0,0,0
7,56,0.0,0.0,0,0,0,0,0,0
8,56,0.0,0.0,1,0,0,0,0,0
9,56,0.0,0.0,0,0,0,0,0,0
4,57,0.0,0.0,0,0,0,0,0,0
7,57,0.0,0.0,0,0,0,0,0,1
8,57,0.0,0.0,0,0,0,0,0,0
9,57,0.0,0.0,0,0,0,0,0,1
4,58,0.0,0.0,0,0,0,0,0,0
7,58,0.0,0.0,0,0,0,0,1,0
8,58,0.0,0.0,0,0,0,0,0,0
9,58,0.0,0.0,0,0,0,0,1,0
4,59,0.0,0.0,0,0,0,0,0,0
7,59,0.0,0.0,0,0,0,1,0,0
8,59,0.0,0.0,0,0,0,0,0,0
9,59,0.0,0.0,0,0,0,1,0,0
4,60,0.0,0.0,0,0,0,0,0,0
7,60,0.0,0.0,0,0,1,0,0,0
8,60,0.0,0.0,0,0,0,0,0,0
9,60,0.0,0.0,0,0,1,0,0,0
4,61,0.0,0.0,0,0,0,0,0,0
7,61,0.0,0.0,0,1,0,0,0,0
8,61,0.0,0.0,0,0,0,0,0,0
9,61,0.0,0.0,0,1,0,0,0,0
4,62,0.0,0.0,0,0,0,0,0,0
7,62,0.0,0.0,1,0,0,0,0,0
8,62,0.0,0.0,0,0,0,0,0,0
9,62,0.0,0.0,1,0,0,0,0,0
4,63,0.0,0.0,0,0,0,0,0,0
7,63,0.0,0.0,0,0,0,0,0,0
8,63,0.0,0.0,0,0,0,0,0,0
9,63,0.0,0.0,0,0,0,0,0,0
4,64,0.0,0.0,0,0,0,0,0,0
7,64,0.0,0.0,0,0,0,0,0,0
8,64,0.0,0.0,0,0,0,0,0,0
9,64,0.0,0.0,0,0,0,0,0,0
4,65,0.0,0.0,0,0,0,0,0,0
7,65,0.0,0.0,0,0,0,0,0,0
8,65,0.0,0.0,0,0,0,0,0,0
9,65,0.0,0.0,0,0,0,0,0,0
4,66,0.0,0.0,0,0,0,0,0,0
7,66,0.0,0.0,0,0,0,0,0,0
8,66,0.0,0.0,0,0,0,0,0,0
9,66,0.0,0.0,0,0,0,0,0,0
4,67,0.0,0.0,0,0,0,0,0,0
7,67,0.0,0.0,0,0,0,0,0,0
8,67,0.0,0.0,0,0,0,0,0,0
9,67,0.0,0.0,0,0,0,0,0,0
4,68,1.0,1.0,0,0,0,0,0,0
7,68,0.0,0.0,0,0,0,0,0,0
8,68,0.0,0.0,0,0,0,0,0,0
9,68,0.0,0.0,0,0,0,0,0,0
4,69,0.0,0.0,0,0,0,0,0,0
7,69,0.0,0.0,0,0,0,0,0,0
8,69,0.0,0.0,0,0,0,0,0,0
9,69,0.0,0.0,0,0,0,0,0,0
4,70,0.0,0.0,0,0,0,0,0,0
7,70,0.0,0.0,0,0,0,0,0,0
8,70,0.0,0.0,0,0,0,0,0,0
9,70,0.0,0.0,0,0,0,0,0,0
4,71,0.0,0.0,0,0,0,0,0,1
7,71,0.0,0.0,0,0,0,0,0,0
8,71,0.0,0.0,0,0,0,0,0,0
9,71,0.0,0.0,0,0,0,0,0,0
4,72,0.0,0.0,0,0,0,0,1,0
7,72,0.0,0.0,0,0,0,0,0,0
8,72,0.0,0.0,0,0,0,0,0,0
9,72,0.0,0.0,0,0,0,0,0,0
4,73,1.0,1.0,0,0,0,1,0,0
7,73,0.0,0.0,0,0,0,0,0,0
8,73,0.0,0.0,0,0,0,0,0,0
9,73,0.0,0.0,0,0,0,0,0,0
4,74,0.0,0.0,0,0,1,0,0,0
7,74,0.0,0.0,0,0,0,0,0,0
8,74,0.0,0.0,0,0,0,0,0,0
9,74,0.0,0.0,0,0,0,0,0,0
4,75,1.0,1.0,0,1,0,0,0,0
7,75,0.0,0.0,0,0,0,0,0,0
8,75,0.0,0.0,0,0,0,0,0,0
9,75,0.0,0.0,0,0,0,0,0,0
4,76,0.0,0.0,1,0,0,0,0,1
7,76,0.0,0.0,0,0,0,0,0,0
8,76,0.0,0.0,0,0,0,0,0,0
9,76,0.0,0.0,0,0,0,0,0,0
4,77,0.0,0.0,0,0,0,0,1,0
7,77,0.0,0.0,0,0,0,0,0,0
8,77,0.0,0.0,0,0,0,0,0,0
9,77,0.0,0.0,0,0,0,0,0,0
4,78,1.0,1.0,0,0,0,1,0,1
7,78,0.0,0.0,0,0,0,0,0,0
8,78,0.0,0.0,0,0,0,0,0,0
9,78,0.0,0.0,0,0,0,0,0,0
4,79,0.0,0.0,0,0,1,0,1,0
7,79,0.0,0.0,0,0,0,0,0,0
8,79,0.0,0.0,0,0,0,0,0,0
9,79,0.0,0.0,0,0,0,0,0,0
4,80,0.0,0.0,0,1,0,1,0,0
7,80,0.0,0.0,0,0,0,0,0,0
8,80,0.0,0.0,0,0,0,0,0,0
9,80,1.0,1.0,0,0,0,0,0,0
4,81,0.0,0.0,1,0,1,0,0,1
7,81,0.0,0.0,0,0,0,0,0,0
8,81,0.0,0.0,0,0,0,0,0,0
9,81,0.0,0.0,0,0,0,0,0,0
4,82,1.0,1.0,0,1,0,0,1,0
7,82,0.0,0.0,0,0,0,0,0,0
8,82,0.0,0.0,0,0,0,0,0,0
9,82,0.0,0.0,0,0,0,0,0,0
4,83,0.0,0.0,1,0,0,1,0,0
7,83,0.0,0.0,0,0,0,0,0,0
8,83,0.0,0.0,0,0,0,0,0,0
9,83,0.0,0.0,0,0,0,0,0,1
4,84,0.0,0.0,0,0,1,0,0,0
7,84,1.0,1.0,0,0,0,0,0,0
8,84,0.0,0.0,0,0,0,0,0,0
9,84,0.0,0.0,0,0,0,0,1,0
4,85,0.0,0.0,0,1,0,0,0,1
7,85,0.0,0.0,0,0,0,0,0,0
8,85,0.0,0.0,0,0,0,0,0,0
9,85,0.0,0.0,0,0,0,1,0,0
4,86,0.0,0.0,1,0,0,0,1,0
7,86,0.0,0.0,0,0,0,0,0,0
8,86,0.0,0.0,0,0,0,0,0,0
9,86,0.0,0.0,0,0,1,0,0,0
4,87,0.0,0.0,0,0,0,1,0,0
7,87,0.0,0.0,0,0,0,0,0,1
8,87,0.0,0.0,0,0,0,0,0,0
9,87,0.0,0.0,0,1,0,0,0,0
4,88,0.0,0.0,0,0,1,0,0,0
7,88,0.0,0.0,0,0,0,0,1,0
8,88,0.0,0.0,0,0,0,0,0,0
9,88,1.0,1.0,1,0,0,0,0,0
4,89,0.0,0.0,0,1,0,0,0,0
7,89,0.0,0.0,0,0,0,1,0,0
8,89,0.0,0.0,0,0,0,0,0,0
9,89,0.0,0.0,0,0,0,0,0,0
4,90,0.0,0.0,1,0,0,0,0,0
7,90,0.0,0.0,0,0,1,0,0,0
8,90,1.0,1.0,0,0,0,0,0,0
9,90,0.0,0.0,0,0,0,0,0,0
4,91,0.0,0.0,0,0,0,0,0,0
7,91,0.0,0.0,0,1,0,0,0,0
8,91,0.0,0.0,0,0,0,0,0,0
9,91,0.0,0.0,0,0,0,0,0,1
4,92,0.0,0.0,0,0,0,0,0,0
7,92,0.0,0.0,1,0,0,0,0,0
8,92,0.0,0.0,0,0,0,0,0,0
9,92,0.0,0.0,0,0,0,0,1,0
4,93,0.0,0.0,0,0,0,0,0,0
7,93,0.0,0.0,0,0,0,0,0,0
8,93,0.0,0.0,0,0,0,0,0,1
9,93,0.0,0.0,0,0,0,1,0,0
4,94,0.0,0.0,0,0,0,0,0,0
7,94,0.0,0.0,0,0,0,0,0,0
8,94,0.0,0.0,0,0,0,0,1,0
9,94,0.0,0.0,0,0,1,0,0,0
4,95,0.0,0.0,0,0,0,0,0,0
7,95,0.0,0.0,0,0,0,0,0,0
8,95,0.0,0.0,0,0,0,1,0,0
9,95,0.0,0.0,0,1,0,0,0,0
4,96,0.0,0.0,0,0,0,0,0,0
7,96,0.0,0.0,0,0,0,0,0,0
8,96,0.0,0.0,0,0,1,0,0,0
9,96,0.0,0.0,1,0,0,0,0,0
4,97,1.0,1.0,0,0,0,0,0,0
7,97,1.0,1.0,0,0,0,0,0,0
8,97,0.0,0.0,0,1,0,0,0,0
9,97,0.0,0.0,0,0,0,0,0,0
4,98,0.0,0.0,0,0,0,0,0,0
7,98,0.0,0.0,0,0,0,0,0,0
8,98,0.0,0.0,1,0,0,0,0,0
9,98,0.0,0.0,0,0,0,0,0,0
4,99,0.0,0.0,0,0,0,0,0,0
7,99,0.0,0.0,0,0,0,0,0,0
8,99,0.0,0.0,0,0,0,0,0,0
9,99,0.0,0.0,0,0,0,0,0,0
4,100,1.0,1.0,0,0,0,0,0,1
7,100,0.0,0.0,0,0,0,0,0,1
8,100,0.0,0.0,0,0,0,0,0,0
9,100,0.0,0.0,0,0,0,0,0,0
4,101,0.0,0.0,0,0,0,0,1,0
7,101,0.0,0.0,0,0,0,0,1,0
8,101,0.0,0.0,0,0,0,0,0,0
9,101,0.0,0.0,0,0,0,0,0,0
4,102,0.0,0.0,0,0,0,1,0,0
7,102,0.0,0.0,0,0,0,1,0,0
8,102,0.0,0.0,0,0,0,0,0,0
9,102,0.0,0.0,0,0,0,0,0,0
4,103,0.0,0.0,0,0,1,0,0,1
7,103,0.0,0.0,0,0,1,0,0,0
8,103,0.0,0.0,0,0,0,0,0,0
9,103,0.0,0.0,0,0,0,0,0,0
4,104,0.0,0.0,0,1,0,0,1,0
7,104,0.0,0.0,0,1,0,0,0,0
8,104,0.0,0.0,0,0,0,0,0,0
9,104,0.0,0.0,0,0,0,0,0,0
4,105,0.0,0.0,1,0,0,1,0,0
7,105,0.0,0.0,1,0,0,0,0,0
8,105,0.0,0.0,0,0,0,0,0,0
9,105,0.0,0.0,0,0,0,0,0,0
4,106,0.0,0.0,0,0,1,0,0,0
7,106,0.0,0.0,0,0,0,0,0,0
8,106,0.0,0.0,0,0,0,0,0,0
9,106,0.0,0.0,0,0,0,0,0,0
4,107,1.0,1.0,0,1,0,0,0,0
7,107,0.0,0.0,0,0,0,0,0,0
8,107,0.0,0.0,0,0,0,0,0,0
9,107,0.0,0.0,0,0,0,0,0,0
4,108,0.0,0.0,1,0,0,0,0,0
7,108,0.0,0.0,0,0,0,0,0,0
8,108,0.0,0.0,0,0,0,0,0,0
9,108,1.0,1.0,0,0,0,0,0,0
4,109,0.0,0.0,0,0,0,0,0,0
7,109,0.0,0.0,0,0,0,0,0,0
8,109,0.0,0.0,0,0,0,0,0,0
9,109,0.0,0.0,0,0,0,0,0,0
4,110,0.0,0.0,0,0,0,0,0,1
7,110,0.0,0.0,0,0,0,0,0,0
8,110,0.0,0.0,0,0,0,0,0,0
9,110,0.0,0.0,0,0,0,0,0,0
4,111,0.0,0.0,0,0,0,0,1,0
7,111,0.0,0.0,0,0,0,0,0,0
8,111,0.0,0.0,0,0,0,0,0,0
9,111,0.0,0.0,0,0,0,0,0,1
4,112,0.0,0.0,0,0,0,1,0,0
7,112,1.0,1.0,0,0,0,0,0,0
8,112,0.0,0.0,0,0,0,0,0,0
9,112,0.0,0.0,0,0,0,0,1,0
4,113,0.0,0.0,0,0,1,0,0,0
7,113,0.0,0.0,0,0,0,0,0,0
8,113,0.0,0.0,0,0,0,0,0,0
9,113,0.0,0.0,0,0,0,1,0,0
4,114,0.0,0.0,0,1,0,0,0,0
7,114,0.0,0.0,0,0,0,0,0,0
8,114,0.0,0.0,0,0,0,0,0,0
9,114,0.0,0.0,0,0,1,0,0,0
4,115,0.0,0.0,1,0,0,0,0,0
7,115,1.0,1.0,0,0,0,0,0,1
8,115,0.0,0.0,0,0,0,0,0,0
9,115,0.0,0.0,0,1,0,0,0,0
4,116,0.0,0.0,0,0,0,0,0,0
7,116,1.0,1.0,0,0,0,0,1,0
8,116,0.0,0.0,0,0,0,0,0,0
9,116,0.0,0.0,1,0,0,0,0,0
4,117,1.0,1.0,0,0,0,0,0,0
7,117,1.0,1.0,0,0,0,1,0,0
8,117,0.0,0.0,0,0,0,0,0,0
9,117,0.0,0.0,0,0,0,0,0,0
4,118,0.0,0.0,0,0,0,0,0,0
7,118,1.0,1.0,0,0,1,0,0,1
8,118,0.0,0.0,0,0,0,0,0,0
9,118,0.0,0.0,0,0,0,0,0,0
4,119,0.0,0.0,0,0,0,0,0,0
7,119,1.0,1.0,0,1,0,0,1,1
8,119,0.0,0.0,0,0,0,0,0,0
9,119,0.0,0.0,0,0,0,0,0,0
4,120,0.0,0.0,0,0,0,0,0,1
7,120,1.0,1.0,1,0,0,1,1,1
8,120,0.0,0.0,0,0,0,0,0,0
9,120,0.0,0.0,0,0,0,0,0,0
4,121,1.0,1.0,0,0,0,0,1,0
7,121,1.0,1.0,0,0,1,1,1,1
8,121,0.0,0.0,0,0,0,0,0,0
9,121,0.0,0.0,0,0,0,0,0,0
4,122,0.0,0.0,0,0,0,1,0,0
7,122,0.0,0.0,0,1,1,1,1,1
8,122,0.0,0.0,0,0,0,0,0,0
9,122,0.0,0.0,0,0,0,0,0,0
4,123,0.0,0.0,0,0,1,0,0,0
7,123,1.0,1.0,1,1,1,1,1,1
8,123,1.0,1.0,0,0,0,0,0,0
9,123,0.0,0.0,0,0,0,0,0,0
4,124,0.0,0.0,0,1,0,0,0,1
7,124,0.0,0.0,1,1,1,1,1,1
8,124,1.0,1.0,0,0,0,0,0,0
9,124,0.0,0.0,0,0,0,0,0,0
4,125,0.0,0.0,1,0,0,0,1,0
7,125,1.0,1.0,1,1,1,1,1,0
8,125,0.0,0.0,0,0,0,0,0,0
9,125,0.0,0.0,0,0,0,0,0,0
4,126,1.0,1.0,0,0,0,1,0,0
7,126,1.0,1.0,1,1,1,1,0,1
8,126,0.0,0.0,0,0,0,0,0,1
9,126,0.0,0.0,0,0,0,0,0,0
4,127,0.0,0.0,0,0,1,0,0,0
7,127,1.0,1.0,1,1,1,0,1,0
8,127,1.0,1.0,0,0,0,0,1,1
9,127,0.0,0.0,0,0,0,0,0,0
4,128,0.0,0.0,0,1,0,0,0,0
7,128,0.0,0.0,1,1,0,1,0,1
8,128,0.0,0.0,0,0,0,1,1,0
9,128,0.0,0.0,0,0,0,0,0,0
4,129,0.0,0.0,1,0,0,0,0,1
7,129,0.0,0.0,1,0,1,0,1,1
8,129,0.0,0.0,0,0,1,1,0,0
9,129,0.0,0.0,0,0,0,0,0,0
4,130,1.0,1.0,0,0,0,0,1,0
7,130,0.0,0.0,0,1,0,1,1,1
8,130,0.0,0.0,0,1,1,0,0,1
9,130,1.0,1.0,0,0,0,0,0,0
4,131,0.0,0.0,0,0,0,1,0,0
7,131,1.0,1.0,1,0,1,1,1,0
8,131,0.0,0.0,1,1,0,0,1,0
9,131,0.0,0.0,0,0,0,0,0,0
4,132,1.0,1.0,0,0,1,0,0,0
7,132,0.0,0.0,0,1,1,1,0,0
8,132,0.0,0.0,1,0,0,1,0,0
9,132,0.0,0.0,0,0,0,0,0,0
4,133,1.0,1.0,0,1,0,0,0,1
7,133,1.0,1.0,1,1,1,0,0,0
8,133,0.0,0.0,0,0,1,0,0,0
9,133,0.0,0.0,0,0,0,0,0,1
4,134,0.0,0.0,1,0,0,0,1,0
7,134,0.0,0.0,1,1,0,0,0,1
8,134,0.0,0.0,0,1,0,0,0,0
9,134,0.0,0.0,0,0,0,0,1,0
4,135,0.0,0.0,0,0,0,1,0,1
7,135,1.0,1.0,1,0,0,0,1,0
8,135,0.0,0.0,1,0,0,0,0,0
9,135,0.0,0.0,0,0,0,1,0,0
4,136,0.0,0.0,0,0,1,0,1,1
7,136,0.0,0.0,0,0,0,1,0,1
8,136,0.0,0.0,0,0,0,0,0,0
9,136,0.0,0.0,0,0,1,0,0,0
4,137,0.0,0.0,0,1,0,1,1,0
7,137,0.0,0.0,0,0,1,0,1,0
8,137,1.0,1.0,0,0,0,0,0,0
9,137,0.0,0.0,0,1,0,0,0,0
4,138,0.0,0.0,1,0,1,1,0,0
7,138,0.0,0.0,0,1,0,1,0,1
8,138,0.0,0.0,0,0,0,0,0,0
9,138,0.0,0.0,1,0,0,0,0,0
4,139,0.0,0.0,0,1,1,0,0,0
7,139,0.0,0.0,1,0,1,0,1,0
8,139,0.0,0.0,0,0,0,0,0,0
9,139,0.0,0.0,0,0,0,0,0,0
4,140,1.0,1.0,1,1,0,0,0,0
7,140,0.0,0.0,0,1,0,1,0,0
8,140,0.0,0.0,0,0,0,0,0,1
9,140,0.0,0.0,0,0,0,0,0,0
4,141,0.0,0.0,1,0,0,0,0,0
7,141,0.0,0.0,1,0,1,0,0,0
8,141,0.0,0.0,0,0,0,0,1,0
9,141,0.0,0.0,0,0,0,0,0,0
4,142,0.0,0.0,0,0,0,0,0,0
7,142,0.0,0.0,0,1,0,0,0,0
8,142,0.0,0.0,0,0,0,1,0,0
9,142,0.0,0.0,0,0,0,0,0,0
4,143,1.0,1.0,0,0,0,0,0,1
7,143,0.0,0.0,1,0,0,0,0,0
8,143,0.0,0.0,0,0,1,0,0,0
9,143,0.0,0.0,0,0,0,0,0,0
4,144,0.0,0.0,0,0,0,0,1,0
7,144,0.0,0.0,0,0,0,0,0,0
8,144,0.0,0.0,0,1,0,0,0,0
9,144,0.0,0.0,0,0,0,0,0,0
4,145,0.0,0.0,0,0,0,1,0,0
7,145,0.0,0.0,0,0,0,0,0,0
8,145,0.0,0.0,1,0,0,0,0,0
9,145,0.0,0.0,0,0,0,0,0,0
4,146,1.0,1.0,0,0,1,0,0,1
7,146,0.0,0.0,0,0,0,0,0,0
8,146,0.0,0.0,0,0,0,0,0,0
9,146,0.0,0.0,0,0,0,0,0,0
4,147,0.0,0.0,0,1,0,0,1,0
7,147,0.0,0.0,0,0,0,0,0,0
8,147,1.0,1.0,0,0,0,0,0,0
9,147,0.0,0.0,0,0,0,0,0,0
4,148,0.0,0.0,1,0,0,1,0,0
7,148,0.0,0.0,0,0,0,0,0,0
8,148,0.0,0.0,0,0,0,0,0,0
9,148,0.0,0.0,0,0,0,0,0,0
4,149,0.0,0.0,0,0,1,0,0,1
7,149,0.0,0.0,0,0,0,0,0,0
8,149,1.0,1.0,0,0,0,0,0,0
9,149,0.0,0.0,0,0,0,0,0,0
4,150,0.0,0.0,0,1,0,0,1,0
7,150,0.0,0.0,0,0,0,0,0,0
8,150,1.0,1.0,0,0,0,0,0,1
9,150,0.0,0.0,0,0,0,0,0,0
4,151,0.0,0.0,1,0,0,1,0,0
7,151,1.0,1.0,0,0,0,0,0,0
8,151,0.0,0.0,0,0,0,0,1,0
9,151,0.0,0.0,0,0,0,0,0,0
4,152,0.0,0.0,0,0,1,0,0,0
7,152,1.0,1.0,0,0,0,0,0,0
8,152,0.0,0.0,0,0,0,1,0,1
9,152,0.0,0.0,0,0,0,0,0,0
4,153,1.0,1.0,0,1,0,0,0,0
7,153,1.0,1.0,0,0,0,0,0,0
8,153,0.0,0.0,0,0,1,0,1,1
9,153,0.0,0.0,0,0,0,0,0,0
4,154,0.0,0.0,1,0,0,0,0,0
7,154,0.0,0.0,0,0,0,0,0,1
8,154,0.0,0.0,0,1,0,1,1,0
9,154,0.0,0.0,0,0,0,0,0,0
4,155,0.0,0.0,0,0,0,0,0,0
7,155,0.0,0.0,0,0,0,0,1,1
8,155,0.0,0.0,1,0,1,1,0,0
9,155,0.0,0.0,0,0,0,0,0,0
4,156,1.0,1.0,0,0,0,0,0,1
7,156,0.0,0.0,0,0,0,1,1,1
8,156,0.0,0.0,0,1,1,0,0,0
9,156,0.0,0.0,0,0,0,0,0,0
4,157,0.0,0.0,0,0,0,0,1,0
7,157,0.0,0.0,0,0,1,1,1,0
8,157,0.0,0.0,1,1,0,0,0,0
9,157,0.0,0.0,0,0,0,0,0,0
4,158,0.0,0.0,0,0,0,1,0,0
7,158,1.0,1.0,0,1,1,1,0,0
8,158,0.0,0.0,1,0,0,0,0,0
9,158,0.0,0.0,0,0,0,0,0,0
4,159,0.0,0.0,0,0,1,0,0,1
7,159,1.0,1.0,1,1,1,0,0,0
8,159,1.0,1.0,0,0,0,0,0,0
9,159,0.0,0.0,0,0,0,0,0,0
4,160,1.0,1.0,0,1,0,0,1,0
7,160,1.0,1.0,1,1,0,0,0,0
8,160,0.0,0.0,0,0,0,0,0,0
9,160,0.0,0.0,0,0,0,0,0,0
4,161,0.0,0.0,1,0,0,1,0,0
7,161,1.0,1.0,1,0,0,0,0,1
8,161,0.0,0.0,0,0,0,0,0,0
9,161,0.0,0.0,0,0,0,0,0,0
4,162,1.0,1.0,0,0,1,0,0,0
7,162,0.0,0.0,0,0,0,0,1,1
8,162,0.0,0.0,0,0,0,0,0,1
9,162,0.0,0.0,0,0,0,0,0,0
4,163,1.0,1.0,0,1,0,0,0,1
7,163,0.0,0.0,0,0,0,1,1,1
8,163,0.0,0.0,0,0,0,0,1,0
9,163,0.0,0.0,0,0,0,0,0,0
4,164,0.0,0.0,1,0,0,0,1,0
7,164,0.0,0.0,0,0,1,1,1,1
8,164,0.0,0.0,0,0,0,1,0,0
9,164,0.0,0.0,0,0,0,0,0,0
4,165,0.0,0.0,0,0,0,1,0,1
7,165,0.0,0.0,0,1,1,1,1,0
8,165,0.0,0.0,0,0,1,0,0,0
9,165,0.0,0.0,0,0,0,0,0,0
4,166,0.0,0.0,0,0,1,0,1,1
7,166,0.0,0.0,1,1,1,1,0,0
8,166,0.0,0.0,0,1,0,0,0,0
9,166,0.0,0.0,0,0,0,0,0,0
4,167,0.0,0.0,0,1,0,1,1,0
7,167,0.0,0.0,1,1,1,0,0,0
8,167,0.0,0.0,1,0,0,0,0,0
9,167,0.0,0.0,0,0,0,0,0,0
4,168,0.0,0.0,1,0,1,1,0,0
7,168,1.0,1.0,1,1,0,0,0,0
8,168,0.0,0.0,0,0,0,0,0,0
9,168,0.0,0.0,0,0,0,0,0,0
4,169,0.0,0.0,0,1,1,0,0,0
7,169,0.0,0.0,1,0,0,0,0,0
8,169,0.0,0.0,0,0,0,0,0,0
9,169,0.0,0.0,0,0,0,0,0,0
4,170,0.0,0.0,1,1,0,0,0,0
7,170,0.0,0.0,0,0,0,0,0,0
8,170,0.0,0.0,0,0,0,0,0,0
9,170,0.0,0.0,0,0,0,0,0,0
4,171,0.0,0.0,1,0,0,0,0,0
7,171,0.0,0.0,0,0,0,0,0,1
8,171,0.0,0.0,0,0,0,0,0,0
9,171,0.0,0.0,0,0,0,0,0,0
4,172,0.0,0.0,0,0,0,0,0,0
7,172,0.0,0.0,0,0,0,0,1,0
8,172,0.0,0.0,0,0,0,0,0,0
9,172,0.0,0.0,0,0,0,0,0,0
4,173,0.0,0.0,0,0,0,0,0,0
7,173,0.0,0.0,0,0,0,1,0,0
8,173,0.0,0.0,0,0,0,0,0,0
9,173,0.0,0.0,0,0,0,0,0,0
4,174,1.0,1.0,0,0,0,0,0,0
7,174,0.0,0.0,0,0,1,0,0,0
8,174,0.0,0.0,0,0,0,0,0,0
9,174,0.0,0.0,0,0,0,0,0,0
4,175,0.0,0.0,0,0,0,0,0,0
7,175,0.0,0.0,0,1,0,0,0,0
8,175,0.0,0.0,0,0,0,0,0,0
9,175,0.0,0.0,0,0,0,0,0,0
4,176,0.0,0.0,0,0,0,0,0,0
7,176,1.0,1.0,1,0,0,0,0,0
8,176,0.0,0.0,0,0,0,0,0,0
9,176,0.0,0.0,0,0,0,0,0,0
4,177,1.0,1.0,0,0,0,0,0,1
7,177,0.0,0.0,0,0,0,0,0,0
8,177,0.0,0.0,0,0,0,0,0,0
9,177,0.0,0.0,0,0,0,0,0,0
4,178,0.0,0.0,0,0,0,0,1,0
7,178,0.0,0.0,0,0,0,0,0,0
8,178,0.0,0.0,0,0,0,0,0,0
9,178,0.0,0.0,0,0,0,0,0,0
4,179,0.0,0.0,0,0,0,1,0,0
7,179,0.0,0.0,0,0,0,0,0,1
8,179,1.0,1.0,0,0,0,0,0,0
9,179,0.0,0.0,0,0,0,0,0,0
4,180,0.0,0.0,0,0,1,0,0,1
7,180,0.0,0.0,0,0,0,0,1,0
8,180,0.0,0.0,0,0,0,0,0,0
9,180,0.0,0.0,0,0,0,0,0,0
4,181,0.0,0.0,0,1,0,0,1,0
7,181,0.0,0.0,0,0,0,1,0,0
8,181,1.0,1.0,0,0,0,0,0,0
9,181,0.0,0.0,0,0,0,0,0,0
4,182,0.0,0.0,1,0,0,1,0,0
7,182,0.0,0.0,0,0,1,0,0,0
8,182,0.0,0.0,0,0,0,0,0,1
9,182,1.0,1.0,0,0,0,0,0,0
4,183,0.0,0.0,0,0,1,0,0,0
7,183,1.0,1.0,0,1,0,0,0,0
8,183,0.0,0.0,0,0,0,0,1,0
9,183,0.0,0.0,0,0,0,0,0,0
4,184,0.0,0.0,0,1,0,0,0,0
7,184,0.0,0.0,1,0,0,0,0,0
8,184,1.0,1.0,0,0,0,1,0,1
9,184,0.0,0.0,0,0,0,0,0,0
4,185,0.0,0.0,1,0,0,0,0,0
7,185,0.0,0.0,0,0,0,0,0,0
8,185,0.0,0.0,0,0,1,0,1,0
9,185,0.0,0.0,0,0,0,0,0,1
4,186,1.0,1.0,0,0,0,0,0,0
7,186,0.0,0.0,0,0,0,0,0,1
8,186,0.0,0.0,0,1,0,1,0,0
9,186,0.0,0.0,0,0,0,0,1,0
4,187,0.0,0.0,0,0,0,0,0,0
7,187,0.0,0.0,0,0,0,0,1,0
8,187,0.0,0.0,1,0,1,0,0,1
9,187,0.0,0.0,0,0,0,1,0,0
4,188,0.0,0.0,0,0,0,0,0,0
7,188,0.0,0.0,0,0,0,1,0,0
8,188,0.0,0.0,0,1,0,0,1,0
9,188,0.0,0.0,0,0,1,0,0,0
4,189,0.0,0.0,0,0,0,0,0,1
7,189,0.0,0.0,0,0,1,0,0,0
8,189,0.0,0.0,1,0,0,1,0,0
9,189,0.0,0.0,0,1,0,0,0,0
4,190,0.0,0.0,0,0,0,0,1,0
7,190,1.0,1.0,0,1,0,0,0,0
8,190,0.0,0.0,0,0,1,0,0,0
9,190,1.0,1.0,1,0,0,0,0,0
4,191,0.0,0.0,0,0,0,1,0,0
7,191,0.0,0.0,1,0,0,0,0,0
8,191,0.0,0.0,0,1,0,0,0,0
9,191,0.0,0.0,0,0,0,0,0,0
4,192,0.0,0.0,0,0,1,0,0,0
7,192,0.0,0.0,0,0,0,0,0,0
8,192,0.0,0.0,1,0,0,0,0,0
9,192,0.0,0.0,0,0,0,0,0,0
4,193,0.0,0.0,0,1,0,0,0,0
7,193,1.0,1.0,0,0,0,0,0,1
8,193,0.0,0.0,0,0,0,0,0,0
9,193,0.0,0.0,0,0,0,0,0,1
4,194,0.0,0.0,1,0,0,0,0,0
7,194,1.0,1.0,0,0,0,0,1,0
8,194,0.0,0.0,0,0,0,0,0,0
9,194,0.0,0.0,0,0,0,0,1,0
4,195,0.0,0.0,0,0,0,0,0,0
7,195,1.0,1.0,0,0,0,1,0,0
8,195,0.0,0.0,0,0,0,0,0,0
9,195,0.0,0.0,0,0,0,1,0,0
4,196,1.0,1.0,0,0,0,0,0,0
7,196,0.0,0.0,0,0,1,0,0,1
8,196,0.0,0.0,0,0,0,0,0,0
9,196,0.0,0.0,0,0,1,0,0,0
4,197,1.0,1.0,0,0,0,0,0,0
7,197,1.0,1.0,0,1,0,0,1,1
8,197,0.0,0.0,0,0,0,0,0,0
9,197,0.0,0.0,0,1,0,0,0,0
4,198,0.0,0.0,0,0,0,0,0,0
7,198,0.0,0.0,1,0,0,1,1,1
8,198,0.0,0.0,0,0,0,0,0,0
9,198,0.0,0.0,1,0,0,0,0,0
4,199,1.0,1.0,0,0,0,0,0,1
7,199,0.0,0.0,0,0,1,1,1,0
8,199,0.0,0.0,0,0,0,0,0,0
9,199,0.0,0.0,0,0,0,0,0,0
4,200,0.0,0.0,0,0,0,0,1,1
7,200,0.0,0.0,0,1,1,1,0,1
8,200,1.0,1.0,0,0,0,0,0,0
9,200,0.0,0.0,0,0,0,0,0,0
4,201,0.0,0.0,0,0,0,1,1,0
7,201,0.0,0.0,1,1,1,0,1,0
8,201,0.0,0.0,0,0,0,0,0,0
9,201,0.0,0.0,0,0,0,0,0,0
4,202,0.0,0.0,0,0,1,1,0,1
7,202,0.0,0.0,1,1,0,1,0,0
8,202,0.0,0.0,0,0,0,0,0,0
9,202,0.0,0.0,0,0,0,0,0,0
4,203,0.0,0.0,0,1,1,0,1,0
7,203,0.0,0.0,1,0,1,0,0,0
8,203,1.0,1.0,0,0,0,0,0,1
9,203,0.0,0.0,0,0,0,0,0,0
4,204,1.0,1.0,1,1,0,1,0,0
7,204,0.0,0.0,0,1,0,0,0,0
8,204,0.0,0.0,0,0,0,0,1,0
9,204,1.0,1.0,0,0,0,0,0,0
4,205,1.0,1.0,1,0,1,0,0,0
7,205,1.0,1.0,1,0,0,0,0,0
8,205,0.0,0.0,0,0,0,1,0,0
9,205,0.0,0.0,0,0,0,0,0,0
4,206,1.0,1.0,0,1,0,0,0,0
7,206,0.0,0.0,0,0,0,0,0,0
8,206,0.0,0.0,0,0,1,0,0,1
9,206,0.0,0.0,0,0,0,0,0,0
4,207,0.0,0.0,1,0,0,0,0,1
7,207,0.0,0.0,0,0,0,0,0,0
8,207,0.0,0.0,0,1,0,0,1,0
9,207,0.0,0.0,0,0,0,0,0,1
4,208,0.0,0.0,0,0,0,0,1,1
7,208,0.0,0.0,0,0,0,0,0,1
8,208,0.0,0.0,1,0,0,1,0,0
9,208,0.0,0.0,0,0,0,0,1,0
4,209,1.0,1.0,0,0,0,1,1,1
7,209,0.0,0.0,0,0,0,0,1,0
8,209,0.0,0.0,0,0,1,0,0,0
9,209,0.0,0.0,0,0,0,1,0,0
4,210,0.0,0.0,0,0,1,1,1,0
7,210,0.0,0.0,0,0,0,1,0,0
8,210,0.0,0.0,0,1,0,0,0,0
9,210,0.0,0.0,0,0,1,0,0,0
4,211,0.0,0.0,0,1,1,1,0,0
7,211,0.0,0.0,0,0,1,0,0,0
8,211,0.0,0.0,1,0,0,0,0,0
9,211,0.0,0.0,0,1,0,0,0,0
4,212,0.0,0.0,1,1,1,0,0,1
7,212,0.0,0.0,0,1,0,0,0,0
8,212,0.0,0.0,0,0,0,0,0,0
9,212,0.0,0.0,1,0,0,0,0,0
4,213,1.0,1.0,1,1,0,0,1,0
7,213,0.0,0.0,1,0,0,0,0,0
8,213,0.0,0.0,0,0,0,0,0,0
9,213,0.0,0.0,0,0,0,0,0,0
4,214,0.0,0.0,1,0,0,1,0,0
7,214,1.0,1.0,0,0,0,0,0,0
8,214,0.0,0.0,0,0,0,0,0,0
9,214,0.0,0.0,0,0,0,0,0,0
4,215,0.0,0.0,0,0,1,0,0,0
7,215,1.0,1.0,0,0,0,0,0,0
8,215,0.0,0.0,0,0,0,0,0,0
9,215,0.0,0.0,0,0,0,0,0,0
4,216,1.0,1.0,0,1,0,0,0,1
7,216,0.0,0.0,0,0,0,0,0,0
8,216,0.0,0.0,0,0,0,0,0,0
9,216,0.0,0.0,0,0,0,0,0,0
4,217,0.0,0.0,1,0,0,0,1,0
7,217,0.0,0.0,0,0,0,0,0,1
8,217,0.0,0.0,0,0,0,0,0,0
9,217,0.0,0.0,0,0,0,0,0,0
4,218,0.0,0.0,0,0,0,1,0,0
7,218,0.0,0.0,0,0,0,0,1,1
8,218,0.0,0.0,0,0,0,0,0,0
9,218,0.0,0.0,0,0,0,0,0,0
4,219,0.0,0.0,0,0,1,0,0,1
7,219,0.0,0.0,0,0,0,1,1,0
8,219,0.0,0.0,0,0,0,0,0,0
9,219,1.0,1.0,0,0,0,0,0,0
4,220,1.0,1.0,0,1,0,0,1,0
7,220,1.0,1.0,0,0,1,1,0,0
8,220,0.0,0.0,0,0,0,0,0,0
9,220,0.0,0.0,0,0,0,0,0,0
4,221,0.0,0.0,1,0,0,1,0,0
7,221,1.0,1.0,0,1,1,0,0,0
8,221,0.0,0.0,0,0,0,0,0,0
9,221,0.0,0.0,0,0,0,0,0,0
4,222,0.0,0.0,0,0,1,0,0,0
7,222,0.0,0.0,1,1,0,0,0,0
8,222,1.0,1.0,0,0,0,0,0,0
9,222,0.0,0.0,0,0,0,0,0,1
4,223,0.0,0.0,0,1,0,0,0,1
7,223,0.0,0.0,1,0,0,0,0,1
8,223,0.0,0.0,0,0,0,0,0,0
9,223,0.0,0.0,0,0,0,0,1,0
4,224,1.0,1.0,1,0,0,0,1,0
7,224,0.0,0.0,0,0,0,0,1,1
8,224,0.0,0.0,0,0,0,0,0,0
9,224,0.0,0.0,0,0,0,1,0,0
4,225,0.0,0.0,0,0,0,1,0,0
7,225,0.0,0.0,0,0,0,1,1,0
8,225,0.0,0.0,0,0,0,0,0,1
9,225,0.0,0.0,0,0,1,0,0,0
4,226,0.0,0.0,0,0,1,0,0,0
7,226,1.0,1.0,0,0,1,1,0,0
8,226,0.0,0.0,0,0,0,0,1,0
9,226,0.0,0.0,0,1,0,0,0,0
4,227,0.0,0.0,0,1,0,0,0,1
7,227,0.0,0.0,0,1,1,0,0,0
8,227,1.0,1.0,0,0,0,1,0,0
9,227,0.0,0.0,1,0,0,0,0,0
4,228,0.0,0.0,1,0,0,0,1,0
7,228,0.0,0.0,1,1,0,0,0,0
8,228,0.0,0.0,0,0,1,0,0,0
9,228,0.0,0.0,0,0,0,0,0,0
4,229,0.0,0.0,0,0,0,1,0,0
7,229,0.0,0.0,1,0,0,0,0,1
8,229,0.0,0.0,0,1,0,0,0,0
9,229,0.0,0.0,0,0,0,0,0,0
4,230,0.0,0.0,0,0,1,0,0,0
7,230,0.0,0.0,0,0,0,0,1,0
8,230,0.0,0.0,1,0,0,0,0,1
9,230,0.0,0.0,0,0,0,0,0,0
4,231,0.0,0.0,0,1,0,0,0,0
7,231,0.0,0.0,0,0,0,1,0,0
8,231,0.0,0.0,0,0,0,0,1,0
9,231,0.0,0.0,0,0,0,0,0,0
4,232,0.0,0.0,1,0,0,0,0,0
7,232,0.0,0.0,0,0,1,0,0,0
8,232,0.0,0.0,0,0,0,1,0,0
9,232,0.0,0.0,0,0,0,0,0,0
4,233,0.0,0.0,0,0,0,0,0,0
7,233,0.0,0.0,0,1,0,0,0,0
8,233,0.0,0.0,0,0,1,0,0,0
9,233,0.0,0.0,0,0,0,0,0,0
4,234,1.0,1.0,0,0,0,0,0,0
7,234,0.0,0.0,1,0,0,0,0,0
8,234,1.0,1.0,0,1,0,0,0,0
9,234,0.0,0.0,0,0,0,0,0,0
4,235,0.0,0.0,0,0,0,0,0,0
7,235,0.0,0.0,0,0,0,0,0,0
8,235,0.0,0.0,1,0,0,0,0,0
9,235,0.0,0.0,0,0,0,0,0,0
4,236,1.0,1.0,0,0,0,0,0,0
7,236,0.0,0.0,0,0,0,0,0,0
8,236,0.0,0.0,0,0,0,0,0,0
9,236,0.0,0.0,0,0,0,0,0,0
4,237,1.0,1.0,0,0,0,0,0,1
7,237,0.0,0.0,0,0,0,0,0,0
8,237,0.0,0.0,0,0,0,0,0,1
9,237,0.0,0.0,0,0,0,0,0,0
4,238,0.0,0.0,0,0,0,0,1,0
7,238,0.0,0.0,0,0,0,0,0,0
8,238,0.0,0.0,0,0,0,0,1,0
9,238,0.0,0.0,0,0,0,0,0,0
4,239,0.0,0.0,0,0,0,1,0,1
7,239,0.0,0.0,0,0,0,0,0,0
8,239,1.0,1.0,0,0,0,1,0,0
9,239,0.0,0.0,0,0,0,0,0,0
4,240,0.0,0.0,0,0,1,0,1,1
7,240,0.0,0.0,0,0,0,0,0,0
8,240,0.0,0.0,0,0,1,0,0,0
9,240,0.0,0.0,0,0,0,0,0,0
4,241,0.0,0.0,0,1,0,1,1,0
7,241,0.0,0.0,0,0,0,0,0,0
8,241,0.0,0.0,0,1,0,0,0,0
9,241,0.0,0.0,0,0,0,0,0,0
4,242,1.0,1.0,1,0,1,1,0,0
7,242,1.0,1.0,0,0,0,0,0,0
8,242,0.0,0.0,1,0,0,0,0,1
9,242,0.0,0.0,0,0,0,0,0,0
4,243,0.0,0.0,0,1,1,0,0,0
7,243,0.0,0.0,0,0,0,0,0,0
8,243,0.0,0.0,0,0,0,0,1,0
9,243,0.0,0.0,0,0,0,0,0,0
4,244,0.0,0.0,1,1,0,0,0,0
7,244,0.0,0.0,0,0,0,0,0,0
8,244,0.0,0.0,0,0,0,1,0,0
9,244,0.0,0.0,0,0,0,0,0,0
4,245,0.0,0.0,1,0,0,0,0,1
7,245,0.0,0.0,0,0,0,0,0,1
8,245,0.0,0.0,0,0,1,0,0,0
9,245,0.0,0.0,0,0,0,0,0,0
4,246,1.0,1.0,0,0,0,0,1,0
7,246,0.0,0.0,0,0,0,0,1,0
8,246,0.0,0.0,0,1,0,0,0,0
9,246,1.0,1.0,0,0,0,0,0,0
4,247,0.0,0.0,0,0,0,1,0,0
7,247,0.0,0.0,0,0,0,1,0,0
8,247,0.0,0.0,1,0,0,0,0,0
9,247,0.0,0.0,0,0,0,0,0,0
4,248,0.0,0.0,0,0,1,0,0,0
7,248,1.0,1.0,0,0,1,0,0,0
8,248,0.0,0.0,0,0,0,0,0,0
9,248,1.0,1.0,0,0,0,0,0,0
4,249,1.0,1.0,0,1,0,0,0,1
7,249,0.0,0.0,0,1,0,0,0,0
8,249,0.0,0.0,0,0,0,0,0,0
9,249,1.0,1.0,0,0,0,0,0,1
4,250,0.0,0.0,1,0,0,0,1,0
7,250,0.0,0.0,1,0,0,0,0,0
8,250,1.0,1.0,0,0,0,0,0,0
9,250,0.0,0.0,0,0,0,0,1,0
4,251,0.0,0.0,0,0,0,1,0,0
7,251,0.0,0.0,0,0,0,0,0,1
8,251,0.0,0.0,0,0,0,0,0,0
9,251,0.0,0.0,0,0,0,1,0,1
4,252,1.0,1.0,0,0,1,0,0,1
7,252,0.0,0.0,0,0,0,0,1,0
8,252,0.0,0.0,0,0,0,0,0,0
9,252,0.0,0.0,0,0,1,0,1,1
4,253,0.0,0.0,0,1,0,0,1,0
7,253,1.0,1.0,0,0,0,1,0,0
8,253,1.0,1.0,0,0,0,0,0,1
9,253,0.0,0.0,0,1,0,1,1,0
4,254,0.0,0.0,1,0,0,1,0,0
7,254,0.0,0.0,0,0,1,0,0,0
8,254,0.0,0.0,0,0,0,0,1,0
9,254,0.0,0.0,1,0,1,1,0,0
4,255,0.0,0.0,0,0,1,0,0,1
7,255,0.0,0.0,0,1,0,0,0,0
8,255,0.0,0.0,0,0,0,1,0,0
9,255,0.0,0.0,0,1,1,0,0,0
4,256,0.0,0.0,0,1,0,0,1,0
7,256,1.0,1.0,1,0,0,0,0,1
8,256,0.0,0.0,0,0,1,0,0,1
9,256,0.0,0.0,1,1,0,0,0,0
4,257,0.0,0.0,1,0,0,1,0,0
7,257,0.0,0.0,0,0,0,0,1,0
8,257,0.0,0.0,0,1,0,0,1,0
9,257,1.0,1.0,1,0,0,0,0,0
4,258,0.0,0.0,0,0,1,0,0,0
7,258,0.0,0.0,0,0,0,1,0,0
8,258,0.0,0.0,1,0,0,1,0,0
9,258,0.0,0.0,0,0,0,0,0,0
4,259,0.0,0.0,0,1,0,0,0,0
7,259,0.0,0.0,0,0,1,0,0,1
8,259,0.0,0.0,0,0,1,0,0,0
9,259,0.0,0.0,0,0,0,0,0,0
4,260,0.0,0.0,1,0,0,0,0,0
7,260,1.0,1.0,0,1,0,0,1,0
8,260,0.0,0.0,0,1,0,0,0,0
9,260,0.0,0.0,0,0,0,0,0,1
4,261,0.0,0.0,0,0,0,0,0,0
7,261,0.0,0.0,1,0,0,1,0,0
8,261,0.0,0.0,1,0,0,0,0,0
9,261,0.0,0.0,0,0,0,0,1,0
4,262,0.0,0.0,0,0,0,0,0,0
7,262,0.0,0.0,0,0,1,0,0,0
8,262,0.0,0.0,0,0,0,0,0,0
9,262,0.0,0.0,0,0,0,1,0,0
4,263,1.0,1.0,0,0,0,0,0,0
7,263,0.0,0.0,0,1,0,0,0,1
8,263,0.0,0.0,0,0,0,0,0,0
9,263,0.0,0.0,0,0,1,0,0,0
4,264,1.0,1.0,0,0,0,0,0,0
7,264,0.0,0.0,1,0,0,0,1,0
8,264,1.0,1.0,0,0,0,0,0,0
9,264,0.0,0.0,0,1,0,0,0,0
4,265,1.0,1.0,0,0,0,0,0,0
7,265,0.0,0.0,0,0,0,1,0,0
8,265,0.0,0.0,0,0,0,0,0,0
9,265,0.0,0.0,1,0,0,0,0,0
4,266,1.0,1.0,0,0,0,0,0,1
7,266,0.0,0.0,0,0,1,0,0,0
8,266,0.0,0.0,0,0,0,0,0,0
9,266,0.0,0.0,0,0,0,0,0,0
4,267,0.0,0.0,0,0,0,0,1,1
7,267,0.0,0.0,0,1,0,0,0,0
8,267,0.0,0.0,0,0,0,0,0,1
9,267,0.0,0.0,0,0,0,0,0,0
4,268,0.0,0.0,0,0,0,1,1,1
7,268,0.0,0.0,1,0,0,0,0,0
8,268,0.0,0.0,0,0,0,0,1,0
9,268,0.0,0.0,0,0,0,0,0,0
4,269,0.0,0.0,0,0,1,1,1,1
7,269,0.0,0.0,0,0,0,0,0,0
8,269,0.0,0.0,0,0,0,1,0,0
9,269,0.0,0.0,0,0,0,0,0,0
4,270,0.0,0.0,0,1,1,1,1,0
7,270,0.0,0.0,0,0,0,0,0,0
8,270,1.0,1.0,0,0,1,0,0,0
9,270,0.0,0.0,0,0,0,0,0,0
4,271,0.0,0.0,1,1,1,1,0,0
7,271,0.0,0.0,0,0,0,0,0,0
8,271,0.0,0.0,0,1,0,0,0,0
9,271,0.0,0.0,0,0,0,0,0,0
4,272,0.0,0.0,1,1,1,0,0,0
7,272,0.0,0.0,0,0,0,0,0,0
8,272,0.0,0.0,1,0,0,0,0,0
9,272,0.0,0.0,0,0,0,0,0,0
4,273,1.0,1.0,1,1,0,0,0,0
7,273,0.0,0.0,0,0,0,0,0,0
8,273,0.0,0.0,0,0,0,0,0,1
9,273,0.0,0.0,0,0,0,0,0,0
4,274,0.0,0.0,1,0,0,0,0,0
7,274,1.0,1.0,0,0,0,0,0,0
8,274,0.0,0.0,0,0,0,0,1,0
9,274,0.0,0.0,0,0,0,0,0,0
4,275,0.0,0.0,0,0,0,0,0,0
7,275,0.0,0.0,0,0,0,0,0,0
8,275,1.0,1.0,0,0,0,1,0,0
9,275,1.0,1.0,0,0,0,0,0,0
4,276,0.0,0.0,0,0,0,0,0,1
7,276,0.0,0.0,0,0,0,0,0,0
8,276,1.0,1.0,0,0,1,0,0,0
9,276,0.0,0.0,0,0,0,0,0,0
4,277,1.0,1.0,0,0,0,0,1,0
7,277,0.0,0.0,0,0,0,0,0,1
8,277,0.0,0.0,0,1,0,0,0,0
9,277,0.0,0.0,0,0,0,0,0,0
4,278,0.0,0.0,0,0,0,1,0,0
7,278,0.0,0.0,0,0,0,0,1,0
8,278,0.0,0.0,1,0,0,0,0,1
9,278,0.0,0.0,0,0,0,0,0,1
4,279,0.0,0.0,0,0,1,0,0,0
7,279,1.0,1.0,0,0,0,1,0,0
8,279,0.0,0.0,0,0,0,0,1,1
9,279,0.0,0.0,0,0,0,0,1,0
4,280,0.0,0.0,0,1,0,0,0,1
7,280,0.0,0.0,0,0,1,0,0,0
8,280,0.0,0.0,0,0,0,1,1,0
9,280,0.0,0.0,0,0,0,1,0,0
4,281,0.0,0.0,1,0,0,0,1,0
7,281,0.0,0.0,0,1,0,0,0,0
8,281,0.0,0.0,0,0,1,1,0,0
9,281,0.0,0.0,0,0,1,0,0,0
4,282,0.0,0.0,0,0,0,1,0,0
7,282,1.0,1.0,1,0,0,0,0,1
8,282,0.0,0.0,0,1,1,0,0,0
9,282,0.0,0.0,0,1,0,0,0,0
4,283,0.0,0.0,0,0,1,0,0,0
7,283,1.0,1.0,0,0,0,0,1,0
8,283,0.0,0.0,1,1,0,0,0,0
9,283,0.0,0.0,1,0,0,0,0,0
4,284,0.0,0.0,0,1,0,0,0,0
7,284,0.0,0.0,0,0,0,1,0,0
8,284,0.0,0.0,1,0,0,0,0,0
9,284,0.0,0.0,0,0,0,0,0,0
4,285,0.0,0.0,1,0,0,0,0,0
7,285,0.0,0.0,0,0,1,0,0,1
8,285,0.0,0.0,0,0,0,0,0,0
9,285,0.0,0.0,0,0,0,0,0,0
4,286,0.0,0.0,0,0,0,0,0,0
7,286,0.0,0.0,0,1,0,0,1,1
8,286,0.0,0.0,0,0,0,0,0,0
9,286,0.0,0.0,0,0,0,0,0,0
4,287,1.0,1.0,0,0,0,0,0,0
7,287,0.0,0.0,1,0,0,1,1,0
8,287,0.0,0.0,0,0,0,0,0,0
9,287,0.0,0.0,0,0,0,0,0,0
4,288,1.0,1.0,0,0,0,0,0,0
7,288,0.0,0.0,0,0,1,1,0,0
8,288,0.0,0.0,0,0,0,0,0,0
9,288,0.0,0.0,0,0,0,0,0,0
4,289,1.0,1.0,0,0,0,0,0,0
7,289,1.0,1.0,0,1,1,0,0,0
8,289,0.0,0.0,0,0,0,0,0,0
9,289,0.0,0.0,0,0,0,0,0,0
4,290,1.0,1.0,0,0,0,0,0,1
7,290,0.0,0.0,1,1,0,0,0,0
8,290,0.0,0.0,0,0,0,0,0,0
9,290,0.0,0.0,0,0,0,0,0,0
4,291,0.0,0.0,0,0,0,0,1,1
7,291,1.0,1.0,1,0,0,0,0,0
8,291,0.0,0.0,0,0,0,0,0,0
9,291,0.0,0.0,0,0,0,0,0,0
4,292,0.0,0.0,0,0,0,1,1,1
7,292,0.0,0.0,0,0,0,0,0,1
8,292,1.0,1.0,0,0,0,0,0,0
9,292,0.0,0.0,0,0,0,0,0,0
4,293,1.0,1.0,0,0,1,1,1,1
7,293,1.0,1.0,0,0,0,0,1,0
8,293,0.0,0.0,0,0,0,0,0,0
9,293,0.0,0.0,0,0,0,0,0,0
4,294,1.0,1.0,0,1,1,1,1,0
7,294,1.0,1.0,0,0,0,1,0,1
8,294,0.0,0.0,0,0,0,0,0,0
9,294,0.0,0.0,0,0,0,0,0,0
4,295,1.0,1.0,1,1,1,1,0,0
7,295,0.0,0.0,0,0,1,0,1,0
8,295,0.0,0.0,0,0,0,0,0,1
9,295,0.0,0.0,0,0,0,0,0,0
4,296,0.0,0.0,1,1,1,0,0,1
7,296,0.0,0.0,0,1,0,1,0,1
8,296,0.0,0.0,0,0,0,0,1,0
9,296,0.0,0.0,0,0,0,0,0,0
4,297,1.0,1.0,1,1,0,0,1,1
7,297,1.0,1.0,1,0,1,0,1,1
8,297,0.0,0.0,0,0,0,1,0,0
9,297,0.0,0.0,0,0,0,0,0,0
4,298,0.0,0.0,1,0,0,1,1,1
7,298,0.0,0.0,0,1,0,1,1,0
8,298,1.0,1.0,0,0,1,0,0,0
9,298,0.0,0.0,0,0,0,0,0,0
4,299,0.0,0.0,0,0,1,1,1,0
7,299,0.0,0.0,1,0,1,1,0,0
8,299,0.0,0.0,0,1,0,0,0,0
9,299,0.0,0.0,0,0,0,0,0,0
4,300,0.0,0.0,0,1,1,1,0,1
7,300,0.0,0.0,0,1,1,0,0,1
8,300,0.0,0.0,1,0,0,0,0,0
9,300,0.0,0.0,0,0,0,0,0,0
4,301,1.0,1.0,1,1,1,0,1,0
7,301,0.0,0.0,1,1,0,0,1,0
8,301,0.0,0.0,0,0,0,0,0,1
9,301,0.0,0.0,0,0,0,0,0,0
4,302,0.0,0.0,1,1,0,1,0,0
7,302,0.0,0.0,1,0,0,1,0,0
8,302,0.0,0.0,0,0,0,0,1,0
9,302,0.0,0.0,0,0,0,0,0,0
4,303,0.0,0.0,1,0,1,0,0,0
7,303,1.0,1.0,0,0,1,0,0,0
8,303,0.0,0.0,0,0,0,1,0,0
9,303,0.0,0.0,0,0,0,0,0,0
4,304,1.0,1.0,0,1,0,0,0,1
7,304,0.0,0.0,0,1,0,0,0,0
8,304,0.0,0.0,0,0,1,0,0,0
9,304,0.0,0.0,0,0,0,0,0,0
4,305,0.0,0.0,1,0,0,0,1,0
7,305,0.0,0.0,1,0,0,0,0,0
8,305,0.0,0.0,0,1,0,0,0,0
9,305,0.0,0.0,0,0,0,0,0,0
4,306,1.0,1.0,0,0,0,1,0,0
7,306,1.0,1.0,0,0,0,0,0,1
8,306,0.0,0.0,1,0,0,0,0,0
9,306,0.0,0.0,0,0,0,0,0,0
4,307,0.0,0.0,0,0,1,0,0,1
7,307,1.0,1.0,0,0,0,0,1,0
8,307,0.0,0.0,0,0,0,0,0,0
9,307,0.0,0.0,0,0,0,0,0,0
4,308,0.0,0.0,0,1,0,0,1,0
7,308,1.0,1.0,0,0,0,1,0,0
8,308,0.0,0.0,0,0,0,0,0,0
9,308,1.0,1.0,0,0,0,0,0,0
4,309,0.0,0.0,1,0,0,1,0,1
7,309,0.0,0.0,0,0,1,0,0,1
8,309,1.0,1.0,0,0,0,0,0,0
9,309,0.0,0.0,0,0,0,0,0,0
4,310,0.0,0.0,0,0,1,0,1,0
7,310,0.0,0.0,0,1,0,0,1,1
8,310,0.0,0.0,0,0,0,0,0,0
9,310,0.0,0.0,0,0,0,0,0,0
4,311,0.0,0.0,0,1,0,1,0,0
7,311,0.0,0.0,1,0,0,1,1,1
8,311,0.0,0.0,0,0,0,0,0,0
9,311,0.0,0.0,0,0,0,0,0,1
4,312,0.0,0.0,1,0,1,0,0,0
7,312,0.0,0.0,0,0,1,1,1,0
8,312,0.0,0.0,0,0,0,0,0,1
9,312,0.0,0.0,0,0,0,0,1,0
4,313,0.0,0.0,0,1,0,0,0,0
7,313,0.0,0.0,0,1,1,1,0,0
8,313,0.0,0.0,0,0,0,0,1,0
9,313,0.0,0.0,0,0,0,1,0,0
4,314,0.0,0.0,1,0,0,0,0,0
7,314,0.0,0.0,1,1,1,0,0,0
8,314,0.0,0.0,0,0,0,1,0,0
9,314,0.0,0.0,0,0,1,0,0,0
4,315,0.0,0.0,0,0,0,0,0,0
7,315,0.0,0.0,1,1,0,0,0,0
8,315,0.0,0.0,0,0,1,0,0,0
9,315,0.0,0.0,0,1,0,0,0,0
4,316,0.0,0.0,0,0,0,0,0,0
7,316,0.0,0.0,1,0,0,0,0,0
8,316,0.0,0.0,0,1,0,0,0,0
9,316,0.0,0.0,1,0,0,0,0,0
4,317,0.0,0.0,0,0,0,0,0,0
7,317,0.0,0.0,0,0,0,0,0,0
8,317,0.0,0.0,1,0,0,0,0,0
9,317,0.0,0.0,0,0,0,0,0,0
4,318,0.0,0.0,0,0,0,0,0,0
7,318,0.0,0.0,0,0,0,0,0,0
8,318,0.0,0.0,0,0,0,0,0,0
9,318,0.0,0.0,0,0,0,0,0,0
4,319,0.0,0.0,0,0,0,0,0,0
7,319,0.0,0.0,0,0,0,0,0,0
8,319,0.0,0.0,0,0,0,0,0,0
9,319,0.0,0.0,0,0,0,0,0,0
4,320,0.0,0.0,0,0,0,0,0,0
7,320,1.0,1.0,0,0,0,0,0,0
8,320,0.0,0.0,0,0,0,0,0,0
9,320,1.0,1.0,0,0,0,0,0,0
4,321,0.0,0.0,0,0,0,0,0,0
7,321,1.0,1.0,0,0,0,0,0,0
8,321,0.0,0.0,0,0,0,0,0,0
9,321,0.0,0.0,0,0,0,0,0,0
4,322,1.0,1.0,0,0,0,0,0,0
7,322,0.0,0.0,0,0,0,0,0,0
8,322,0.0,0.0,0,0,0,0,0,0
9,322,0.0,0.0,0,0,0,0,0,0
4,323,0.0,0.0,0,0,0,0,0,0
7,323,0.0,0.0,0,0,0,0,0,1
8,323,0.0,0.0,0,0,0,0,0,0
9,323,0.0,0.0,0,0,0,0,0,1
4,324,0.0,0.0,0,0,0,0,0,0
7,324,0.0,0.0,0,0,0,0,1,1
8,324,0.0,0.0,0,0,0,0,0,0
9,324,0.0,0.0,0,0,0,0,1,0
4,325,1.0,1.0,0,0,0,0,0,1
7,325,0.0,0.0,0,0,0,1,1,0
8,325,0.0,0.0,0,0,0,0,0,0
9,325,0.0,0.0,0,0,0,1,0,0
4,326,0.0,0.0,0,0,0,0,1,0
7,326,1.0,1.0,0,0,1,1,0,0
8,326,1.0,1.0,0,0,0,0,0,0
9,326,0.0,0.0,0,0,1,0,0,0
4,327,0.0,0.0,0,0,0,1,0,0
7,327,0.0,0.0,0,1,1,0,0,0
8,327,0.0,0.0,0,0,0,0,0,0
9,327,0.0,0.0,0,1,0,0,0,0
4,328,0.0,0.0,0,0,1,0,0,1
7,328,0.0,0.0,1,1,0,0,0,0
8,328,0.0,0.0,0,0,0,0,0,0
9,328,0.0,0.0,1,0,0,0,0,0
4,329,0.0,0.0,0,1,0,0,1,0
7,329,0.0,0.0,1,0,0,0,0,1
8,329,0.0,0.0,0,0,0,0,0,1
9,329,0.0,0.0,0,0,0,0,0,0
4,330,1.0,1.0,1,0,0,1,0,0
7,330,0.0,0.0,0,0,0,0,1,0
8,330,0.0,0.0,0,0,0,0,1,0
9,330,0.0,0.0,0,0,0,0,0,0
4,331,0.0,0.0,0,0,1,0,0,0
7,331,0.0,0.0,0,0,0,1,0,0
8,331,0.0,0.0,0,0,0,1,0,0
9,331,0.0,0.0,0,0,0,0,0,0
4,332,1.0,1.0,0,1,0,0,0,0
7,332,0.0,0.0,0,0,1,0,0,0
8,332,0.0,0.0,0,0,1,0,0,0
9,332,0.0,0.0,0,0,0,0,0,0
4,333,1.0,1.0,1,0,0,0,0,1
7,333,0.0,0.0,0,1,0,0,0,0
8,333,1.0,1.0,0,1,0,0,0,0
9,333,0.0,0.0,0,0,0,0,0,0
4,334,0.0,0.0,0,0,0,0,1,0
7,334,0.0,0.0,1,0,0,0,0,0
8,334,0.0,0.0,1,0,0,0,0,0
9,334,0.0,0.0,0,0,0,0,0,0
4,335,0.0,0.0,0,0,0,1,0,1
7,335,0.0,0.0,0,0,0,0,0,0
8,335,0.0,0.0,0,0,0,0,0,0
9,335,0.0,0.0,0,0,0,0,0,0
4,336,0.0,0.0,0,0,1,0,1,1
7,336,0.0,0.0,0,0,0,0,0,0
8,336,0.0,0.0,0,0,0,0,0,1
9,336,0.0,0.0,0,0,0,0,0,0
4,337,1.0,1.0,0,1,0,1,1,0
7,337,0.0,0.0,0,0,0,0,0,0
8,337,0.0,0.0,0,0,0,0,1,0
9,337,0.0,0.0,0,0,0,0,0,0
4,338,0.0,0.0,1,0,1,1,0,0
7,338,0.0,0.0,0,0,0,0,0,0
8,338,0.0,0.0,0,0,0,1,0,0
9,338,1.0,1.0,0,0,0,0,0,0
4,339,0.0,0.0,0,1,1,0,0,0
7,339,0.0,0.0,0,0,0,0,0,0
8,339,0.0,0.0,0,0,1,0,0,0
9,339,0.0,0.0,0,0,0,0,0,0
4,340,0.0,0.0,1,1,0,0,0,1
7,340,0.0,0.0,0,0,0,0,0,0
8,340,0.0,0.0,0,1,0,0,0,0
9,340,0.0,0.0,0,0,0,0,0,0
4,341,0.0,0.0,1,0,0,0,1,0
7,341,0.0,0.0,0,0,0,0,0,0
8,341,0.0,0.0,1,0,0,0,0,0
9,341,0.0,0.0,0,0,0,0,0,1
4,342,1.0,1.0,0,0,0,1,0,0
7,342,1.0,1.0,0,0,0,0,0,0
8,342,0.0,0.0,0,0,0,0,0,0
9,342,0.0,0.0,0,0,0,0,1,0
4,343,0.0,0.0,0,0,1,0,0,0
7,343,0.0,0.0,0,0,0,0,0,0
8,343,0.0,0.0,0,0,0,0,0,0
9,343,0.0,0.0,0,0,0,1,0,0
4,344,0.0,0.0,0,1,0,0,0,0
7,344,0.0,0.0,0,0,0,0,0,0
8,344,0.0,0.0,0,0,0,0,0,0
9,344,0.0,0.0,0,0,1,0,0,0
4,345,1.0,1.0,1,0,0,0,0,1
7,345,0.0,0.0,0,0,0,0,0,1
8,345,1.0,1.0,0,0,0,0,0,0
9,345,0.0,0.0,0,1,0,0,0,0
4,346,0.0,0.0,0,0,0,0,1,0
7,346,1.0,1.0,0,0,0,0,1,0
8,346,0.0,0.0,0,0,0,0,0,0
9,346,0.0,0.0,1,0,0,0,0,0
4,347,0.0,0.0,0,0,0,1,0,0
7,347,0.0,0.0,0,0,0,1,0,0
8,347,0.0,0.0,0,0,0,0,0,0
9,347,0.0,0.0,0,0,0,0,0,0
4,348,0.0,0.0,0,0,1,0,0,1
7,348,0.0,0.0,0,0,1,0,0,0
8,348,0.0,0.0,0,0,0,0,0,1
9,348,0.0,0.0,0,0,0,0,0,0
4,349,0.0,0.0,0,1,0,0,1,0
7,349,1.0,1.0,0,1,0,0,0,1
8,349,0.0,0.0,0,0,0,0,1,0
9,349,0.0,0.0,0,0,0,0,0,0
4,350,1.0,1.0,1,0,0,1,0,0
7,350,0.0,0.0,1,0,0,0,1,0
8,350,0.0,0.0,0,0,0,1,0,0
9,350,1.0,1.0,0,0,0,0,0,0
4,351,0.0,0.0,0,0,1,0,0,0
7,351,0.0,0.0,0,0,0,1,0,0
8,351,0.0,0.0,0,0,1,0,0,0
9,351,0.0,0.0,0,0,0,0,0,0
4,352,0.0,0.0,0,1,0,0,0,0
7,352,0.0,0.0,0,0,1,0,0,1
8,352,0.0,0.0,0,1,0,0,0,0
9,352,0.0,0.0,0,0,0,0,0,0
4,353,1.0,1.0,1,0,0,0,0,1
7,353,1.0,1.0,0,1,0,0,1,0
8,353,0.0,0.0,1,0,0,0,0,0
9,353,0.0,0.0,0,0,0,0,0,1
4,354,0.0,0.0,0,0,0,0,1,0
7,354,0.0,0.0,1,0,0,1,0,0
8,354,0.0,0.0,0,0,0,0,0,0
9,354,0.0,0.0,0,0,0,0,1,0
4,355,0.0,0.0,0,0,0,1,0,0
7,355,0.0,0.0,0,0,1,0,0,0
8,355,0.0,0.0,0,0,0,0,0,0
9,355,0.0,0.0,0,0,0,1,0,0
4,356,0.0,0.0,0,0,1,0,0,1
7,356,1.0,1.0,0,1,0,0,0,1
8,356,0.0,0.0,0,0,0,0,0,0
9,356,0.0,0.0,0,0,1,0,0,0
4,357,0.0,0.0,0,1,0,0,1,0
7,357,0.0,0.0,1,0,0,0,1,0
8,357,0.0,0.0,0,0,0,0,0,0
9,357,0.0,0.0,0,1,0,0,0,0
4,358,0.0,0.0,1,0,0,1,0,0
7,358,0.0,0.0,0,0,0,1,0,0
8,358,0.0,0.0,0,0,0,0,0,0
9,358,0.0,0.0,1,0,0,0,0,0
4,359,1.0,1.0,0,0,1,0,0,0
7,359,0.0,0.0,0,0,1,0,0,1
8,359,0.0,0.0,0,0,0,0,0,0
9,359,0.0,0.0,0,0,0,0,0,0
4,360,0.0,0.0,0,1,0,0,0,0
7,360,0.0,0.0,0,1,0,0,1,0
8,360,0.0,0.0,0,0,0,0,0,0
9,360,0.0,0.0,0,0,0,0,0,0
4,361,0.0,0.0,1,0,0,0,0,0
7,361,0.0,0.0,1,0,0,1,0,0
8,361,0.0,0.0,0,0,0,0,0,0
9,361,0.0,0.0,0,0,0,0,0,0
4,362,0.0,0.0,0,0,0,0,0,1
7,362,0.0,0.0,0,0,1,0,0,0
8,362,0.0,0.0,0,0,0,0,0,0
9,362,1.0,1.0,0,0,0,0,0,0
4,363,0.0,0.0,0,0,0,0,1,0
7,363,0.0,0.0,0,1,0,0,0,0
8,363,0.0,0.0,0,0,0,0,0,0
9,363,0.0,0.0,0,0,0,0,0,0
4,364,0.0,0.0,0,0,0,1,0,0
7,364,0.0,0.0,1,0,0,0,0,0
8,364,0.0,0.0,0,0,0,0,0,0
9,364,0.0,0.0,0,0,0,0,0,0
4,365,0.0,0.0,0,0,1,0,0,0
7,365,0.0,0.0,0,0,0,0,0,0
8,365,0.0,0.0,0,0,0,0,0,0
9,365,0.0,0.0,0,0,0,0,0,1
4,366,0.0,0.0,0,1,0,0,0,0
7,366,0.0,0.0,0,0,0,0,0,0
8,366,0.0,0.0,0,0,0,0,0,0
9,366,1.0,1.0,0,0,0,0,1,0
4,367,0.0,0.0,1,0,0,0,0,0
7,367,0.0,0.0,0,0,0,0,0,0
8,367,0.0,0.0,0,0,0,0,0,0
9,367,1.0,1.0,0,0,0,1,0,0
4,368,0.0,0.0,0,0,0,0,0,0
7,368,0.0,0.0,0,0,0,0,0,0
8,368,0.0,0.0,0,0,0,0,0,0
9,368,1.0,1.0,0,0,1,0,0,0
4,369,1.0,1.0,0,0,0,0,0,0
7,369,0.0,0.0,0,0,0,0,0,0
8,369,0.0,0.0,0,0,0,0,0,0
9,369,0.0,0.0,0,1,0,0,0,1
4,370,0.0,0.0,0,0,0,0,0,0
7,370,1.0,1.0,0,0,0,0,0,0
8,370,0.0,0.0,0,0,0,0,0,0
9,370,0.0,0.0,1,0,0,0,1,1
4,371,0.0,0.0,0,0,0,0,0,0
7,371,0.0,0.0,0,0,0,0,0,0
8,371,0.0,0.0,0,0,0,0,0,0
9,371,0.0,0.0,0,0,0,1,1,1
4,372,1.0,1.0,0,0,0,0,0,1
7,372,0.0,0.0,0,0,0,0,0,0
8,372,0.0,0.0,0,0,0,0,0,0
9,372,0.0,0.0,0,0,1,1,1,0
4,373,0.0,0.0,0,0,0,0,1,0
7,373,1.0,1.0,0,0,0,0,0,1
8,373,0.0,0.0,0,0,0,0,0,0
9,373,0.0,0.0,0,1,1,1,0,0
4,374,0.0,0.0,0,0,0,1,0,0
7,374,0.0,0.0,0,0,0,0,1,0
8,374,0.0,0.0,0,0,0,0,0,0
9,374,0.0,0.0,1,1,1,0,0,0
4,375,0.0,0.0,0,0,1,0,0,1
7,375,0.0,0.0,0,0,0,1,0,0
8,375,1.0,1.0,0,0,0,0,0,0
9,375,0.0,0.0,1,1,0,0,0,0
4,376,0.0,0.0,0,1,0,0,1,0
7,376,1.0,1.0,0,0,1,0,0,1
8,376,0.0,0.0,0,0,0,0,0,0
9,376,1.0,1.0,1,0,0,0,0,0
4,377,0.0,0.0,1,0,0,1,0,0
7,377,0.0,0.0,0,1,0,0,1,0
8,377,0.0,0.0,0,0,0,0,0,0
9,377,0.0,0.0,0,0,0,0,0,0
4,378,0.0,0.0,0,0,1,0,0,0
7,378,1.0,1.0,1,0,0,1,0,0
8,378,0.0,0.0,0,0,0,0,0,1
9,378,0.0,0.0,0,0,0,0,0,0
4,379,0.0,0.0,0,1,0,0,0,0
7,379,0.0,0.0,0,0,1,0,0,1
8,379,1.0,1.0,0,0,0,0,1,0
9,379,0.0,0.0,0,0,0,0,0,1
4,380,0.0,0.0,1,0,0,0,0,0
7,380,1.0,1.0,0,1,0,0,1,0
8,380,0.0,0.0,0,0,0,1,0,0
9,380,0.0,0.0,0,0,0,0,1,0
4,381,0.0,0.0,0,0,0,0,0,0
7,381,0.0,0.0,1,0,0,1,0,1
8,381,0.0,0.0,0,0,1,0,0,0
9,381,0.0,0.0,0,0,0,1,0,0
4,382,0.0,0.0,0,0,0,0,0,0
7,382,0.0,0.0,0,0,1,0,1,0
8,382,0.0,0.0,0,1,0,0,0,1
9,382,0.0,0.0,0,0,1,0,0,0
4,383,0.0,0.0,0,0,0,0,0,0
7,383,0.0,0.0,0,1,0,1,0,1
8,383,1.0,1.0,1,0,0,0,1,0
9,383,0.0,0.0,0,1,0,0,0,0
4,384,0.0,0.0,0,0,0,0,0,0
7,384,0.0,0.0,1,0,1,0,1,0
8,384,0.0,0.0,0,0,0,1,0,0
9,384,0.0,0.0,1,0,0,0,0,0
4,385,1.0,1.0,0,0,0,0,0,0
7,385,1.0,1.0,0,1,0,1,0,0
8,385,0.0,0.0,0,0,1,0,0,0
9,385,0.0,0.0,0,0,0,0,0,0
4,386,0.0,0.0,0,0,0,0,0,0
7,386,0.0,0.0,1,0,1,0,0,0
8,386,0.0,0.0,0,1,0,0,0,1
9,386,0.0,0.0,0,0,0,0,0,0
4,387,0.0,0.0,0,0,0,0,0,0
7,387,1.0,1.0,0,1,0,0,0,0
8,387,1.0,1.0,1,0,0,0,1,0
9,387,0.0,0.0,0,0,0,0,0,0
4,388,0.0,0.0,0,0,0,0,0,1
7,388,0.0,0.0,1,0,0,0,0,1
8,388,1.0,1.0,0,0,0,1,0,0
9,388,0.0,0.0,0,0,0,0,0,0
4,389,0.0,0.0,0,0,0,0,1,0
7,389,1.0,1.0,0,0,0,0,1,0
8,389,0.0,0.0,0,0,1,0,0,0
9,389,0.0,0.0,0,0,0,0,0,0
4,390,0.0,0.0,0,0,0,1,0,0
7,390,0.0,0.0,0,0,0,1,0,1
8,390,0.0,0.0,0,1,0,0,0,1
9,390,0.0,0.0,0,0,0,0,0,0
4,391,0.0,0.0,0,0,1,0,0,0
7,391,0.0,0.0,0,0,1,0,1,0
8,391,0.0,0.0,1,0,0,0,1,1
9,391,0.0,0.0,0,0,0,0,0,0
4,392,0.0,0.0,0,1,0,0,0,0
7,392,0.0,0.0,0,1,0,1,0,1
8,392,0.0,0.0,0,0,0,1,1,0
9,392,1.0,1.0,0,0,0,0,0,0
4,393,0.0,0.0,1,0,0,0,0,0
7,393,0.0,0.0,1,0,1,0,1,0
8,393,0.0,0.0,0,0,1,1,0,0
9,393,0.0,0.0,0,0,0,0,0,0
4,394,0.0,0.0,0,0,0,0,0,0
7,394,1.0,1.0,0,1,0,1,0,0
8,394,0.0,0.0,0,1,1,0,0,0
9,394,0.0,0.0,0,0,0,0,0,0
4,395,0.0,0.0,0,0,0,0,0,0
7,395,1.0,1.0,1,0,1,0,0,0
8,395,0.0,0.0,1,1,0,0,0,0
9,395,0.0,0.0,0,0,0,0,0,1
4,396,0.0,0.0,0,0,0,0,0,0
7,396,0.0,0.0,0,1,0,0,0,0
8,396,0.0,0.0,1,0,0,0,0,0
9,396,0.0,0.0,0,0,0,0,1,0
4,397,0.0,0.0,0,0,0,0,0,0
7,397,0.0,0.0,1,0,0,0,0,1
8,397,0.0,0.0,0,0,0,0,0,0
9,397,0.0,0.0,0,0,0,1,0,0
4,398,0.0,0.0,0,0,0,0,0,0
7,398,0.0,0.0,0,0,0,0,1,1
8,398,0.0,0.0,0,0,0,0,0,0
9,398,0.0,0.0,0,0,1,0,0,0
4,399,1.0,1.0,0,0,0,0,0,0
7,399,0.0,0.0,0,0,0,1,1,0
8,399,0.0,0.0,0,0,0,0,0,0
9,399,0.0,0.0,0,1,0,0,0,0
4,400,0.0,0.0,0,0,0,0,0,0
7,400,0.0,0.0,0,0,1,1,0,0
8,400,0.0,0.0,0,0,0,0,0,0
9,400,0.0,0.0,1,0,0,0,0,0
4,401,0.0,0.0,0,0,0,0,0,0
7,401,0.0,0.0,0,1,1,0,0,0
8,401,0.0,0.0,0,0,0,0,0,0
9,401,0.0,0.0,0,0,0,0,0,0
4,402,0.0,0.0,0,0,0,0,0,1
7,402,0.0,0.0,1,1,0,0,0,0
8,402,0.0,0.0,0,0,0,0,0,0
9,402,0.0,0.0,0,0,0,0,0,0
4,403,0.0,0.0,0,0,0,0,1,0
7,403,0.0,0.0,1,0,0,0,0,0
8,403,0.0,0.0,0,0,0,0,0,0
9,403,0.0,0.0,0,0,0,0,0,0
4,404,0.0,0.0,0,0,0,1,0,0
7,404,0.0,0.0,0,0,0,0,0,0
8,404,0.0,0.0,0,0,0,0,0,0
9,404,0.0,0.0,0,0,0,0,0,0
4,405,0.0,0.0,0,0,1,0,0,0
7,405,0.0,0.0,0,0,0,0,0,0
8,405,0.0,0.0,0,0,0,0,0,0
9,405,0.0,0.0,0,0,0,0,0,0
4,406,0.0,0.0,0,1,0,0,0,0
7,406,0.0,0.0,0,0,0,0,0,0
8,406,0.0,0.0,0,0,0,0,0,0
9,406,0.0,0.0,0,0,0,0,0,0
4,407,0.0,0.0,1,0,0,0,0,0
7,407,0.0,0.0,0,0,0,0,0,0
8,407,0.0,0.0,0,0,0,0,0,0
9,407,0.0,0.0,0,0,0,0,0,0
4,408,0.0,0.0,0,0,0,0,0,0
7,408,0.0,0.0,0,0,0,0,0,0
8,408,0.0,0.0,0,0,0,0,0,0
9,408,0.0,0.0,0,0,0,0,0,0
4,409,0.0,0.0,0,0,0,0,0,0
7,409,0.0,0.0,0,0,0,0,0,0
8,409,0.0,0.0,0,0,0,0,0,0
9,409,0.0,0.0,0,0,0,0,0,0
4,410,0.0,0.0,0,0,0,0,0,0
7,410,0.0,0.0,0,0,0,0,0,0
8,410,0.0,0.0,0,0,0,0,0,0
9,410,0.0,0.0,0,0,0,0,0,0
4,411,0.0,0.0,0,0,0,0,0,0
7,411,0.0,0.0,0,0,0,0,0,0
8,411,0.0,0.0,0,0,0,0,0,0
9,411,0.0,0.0,0,0,0,0,0,0
4,412,0.0,0.0,0,0,0,0,0,0
7,412,0.0,0.0,0,0,0,0,0,0
8,412,0.0,0.0,0,0,0,0,0,0
9,412,0.0,0.0,0,0,0,0,0,0
4,413,0.0,0.0,0,0,0,0,0,0
7,413,0.0,0.0,0,0,0,0,0,0
8,413,0.0,0.0,0,0,0,0,0,0
9,413,0.0,0.0,0,0,0,0,0,0
4,414,0.0,0.0,0,0,0,0,0,0
7,414,0.0,0.0,0,0,0,0,0,0
8,414,0.0,0.0,0,0,0,0,0,0
9,414,1.0,1.0,0,0,0,0,0,0
4,415,1.0,1.0,0,0,0,0,0,0
7,415,0.0,0.0,0,0,0,0,0,0
8,415,0.0,0.0,0,0,0,0,0,0
9,415,0.0,0.0,0,0,0,0,0,0
4,416,0.0,0.0,0,0,0,0,0,0
7,416,0.0,0.0,0,0,0,0,0,0
8,416,0.0,0.0,0,0,0,0,0,0
9,416,0.0,0.0,0,0,0,0,0,0
4,417,0.0,0.0,0,0,0,0,0,0
7,417,0.0,0.0,0,0,0,0,0,0
8,417,0.0,0.0,0,0,0,0,0,0
9,417,0.0,0.0,0,0,0,0,0,1
4,418,0.0,0.0,0,0,0,0,0,1
7,418,0.0,0.0,0,0,0,0,0,0
8,418,0.0,0.0,0,0,0,0,0,0
9,418,0.0,0.0,0,0,0,0,1,0
4,419,0.0,0.0,0,0,0,0,1,0
7,419,1.0,1.0,0,0,0,0,0,0
8,419,0.0,0.0,0,0,0,0,0,0
9,419,0.0,0.0,0,0,0,1,0,0
4,420,1.0,1.0,0,0,0,1,0,0
7,420,0.0,0.0,0,0,0,0,0,0
8,420,1.0,1.0,0,0,0,0,0,0
9,420,1.0,1.0,0,0,1,0,0,0
4,421,1.0,1.0,0,0,1,0,0,0
7,421,0.0,0.0,0,0,0,0,0,0
8,421,0.0,0.0,0,0,0,0,0,0
9,421,0.0,0.0,0,1,0,0,0,0
4,422,1.0,1.0,0,1,0,0,0,0
7,422,0.0,0.0,0,0,0,0,0,1
8,422,0.0,0.0,0,0,0,0,0,0
9,422,0.0,0.0,1,0,0,0,0,0
4,423,0.0,0.0,1,0,0,0,0,1
7,423,0.0,0.0,0,0,0,0,1,0
8,423,0.0,0.0,0,0,0,0,0,1
9,423,0.0,0.0,0,0,0,0,0,1
4,424,0.0,0.0,0,0,0,0,1,1
7,424,0.0,0.0,0,0,0,1,0,0
8,424,1.0,1.0,0,0,0,0,1,0
9,424,1.0,1.0,0,0,0,0,1,0
4,425,0.0,0.0,0,0,0,1,1,1
7,425,0.0,0.0,0,0,1,0,0,0
8,425,0.0,0.0,0,0,0,1,0,0
9,425,0.0,0.0,0,0,0,1,0,0
4,426,0.0,0.0,0,0,1,1,1,0
7,426,0.0,0.0,0,1,0,0,0,0
8,426,0.0,0.0,0,0,1,0,0,0
9,426,0.0,0.0,0,0,1,0,0,0
4,427,0.0,0.0,0,1,1,1,0,0
7,427,0.0,0.0,1,0,0,0,0,0
8,427,0.0,0.0,0,1,0,0,0,1
9,427,0.0,0.0,0,1,0,0,0,1
4,428,0.0,0.0,1,1,1,0,0,0
7,428,0.0,0.0,0,0,0,0,0,0
8,428,0.0,0.0,1,0,0,0,1,0
9,428,0.0,0.0,1,0,0,0,1,0
4,429,0.0,0.0,1,1,0,0,0,0
7,429,1.0,1.0,0,0,0,0,0,0
8,429,0.0,0.0,0,0,0,1,0,0
9,429,0.0,0.0,0,0,0,1,0,0
4,430,0.0,0.0,1,0,0,0,0,0
7,430,1.0,1.0,0,0,0,0,0,0
8,430,0.0,0.0,0,0,1,0,0,0
9,430,0.0,0.0,0,0,1,0,0,0
4,431,1.0,1.0,0,0,0,0,0,0
7,431,0.0,0.0,0,0,0,0,0,0
8,431,0.0,0.0,0,1,0,0,0,0
9,431,0.0,0.0,0,1,0,0,0,0
4,432,1.0,1.0,0,0,0,0,0,0
7,432,1.0,1.0,0,0,0,0,0,1
8,432,0.0,0.0,1,0,0,0,0,0
9,432,0.0,0.0,1,0,0,0,0,0
4,433,1.0,1.0,0,0,0,0,0,0
7,433,0.0,0.0,0,0,0,0,1,1
8,433,0.0,0.0,0,0,0,0,0,0
9,433,0.0,0.0,0,0,0,0,0,0
4,434,0.0,0.0,0,0,0,0,0,1
7,434,0.0,0.0,0,0,0,1,1,0
8,434,0.0,0.0,0,0,0,0,0,0
9,434,0.0,0.0,0,0,0,0,0,0
4,435,0.0,0.0,0,0,0,0,1,1
7,435,0.0,0.0,0,0,1,1,0,1
8,435,0.0,0.0,0,0,0,0,0,0
9,435,0.0,0.0,0,0,0,0,0,0
4,436,1.0,1.0,0,0,0,1,1,1
7,436,0.0,0.0,0,1,1,0,1,0
8,436,1.0,1.0,0,0,0,0,0,0
9,436,0.0,0.0,0,0,0,0,0,0
4,437,1.0,1.0,0,0,1,1,1,0
7,437,0.0,0.0,1,1,0,1,0,0
8,437,0.0,0.0,0,0,0,0,0,0
9,437,0.0,0.0,0,0,0,0,0,0
4,438,0.0,0.0,0,1,1,1,0,0
7,438,0.0,0.0,1,0,1,0,0,0
8,438,0.0,0.0,0,0,0,0,0,0
9,438,0.0,0.0,0,0,0,0,0,0
4,439,1.0,1.0,1,1,1,0,0,1
7,439,0.0,0.0,0,1,0,0,0,0
8,439,0.0,0.0,0,0,0,0,0,1
9,439,0.0,0.0,0,0,0,0,0,0
4,440,0.0,0.0,1,1,0,0,1,1
7,440,0.0,0.0,1,0,0,0,0,0
8,440,0.0,0.0,0,0,0,0,1,0
9,440,0.0,0.0,0,0,0,0,0,0
4,441,0.0,0.0,1,0,0,1,1,0
7,441,0.0,0.0,0,0,0,0,0,0
8,441,0.0,0.0,0,0,0,1,0,0
9,441,0.0,0.0,0,0,0,0,0,0
4,442,1.0,1.0,0,0,1,1,0,1
7,442,0.0,0.0,0,0,0,0,0,0
8,442,0.0,0.0,0,0,1,0,0,0
9,442,0.0,0.0,0,0,0,0,0,0
4,443,0.0,0.0,0,1,1,0,1,0
7,443,0.0,0.0,0,0,0,0,0,0
8,443,1.0,1.0,0,1,0,0,0,0
9,443,0.0,0.0,0,0,0,0,0,0
4,444,0.0,0.0,1,1,0,1,0,0
7,444,0.0,0.0,0,0,0,0,0,0
8,444,0.0,0.0,1,0,0,0,0,0
9,444,0.0,0.0,0,0,0,0,0,0
4,445,1.0,1.0,1,0,1,0,0,1
7,445,0.0,0.0,0,0,0,0,0,0
8,445,0.0,0.0,0,0,0,0,0,0
9,445,1.0,1.0,0,0,0,0,0,0
4,446,0.0,0.0,0,1,0,0,1,0
7,446,0.0,0.0,0,0,0,0,0,0
8,446,0.0,0.0,0,0,0,0,0,1
9,446,0.0,0.0,0,0,0,0,0,0
4,447,0.0,0.0,1,0,0,1,0,0
7,447,1.0,1.0,0,0,0,0,0,0
8,447,0.0,0.0,0,0,0,0,1,0
9,447,0.0,0.0,0,0,0,0,0,0
4,448,0.0,0.0,0,0,1,0,0,1
7,448,0.0,0.0,0,0,0,0,0,0
8,448,0.0,0.0,0,0,0,1,0,0
9,448,0.0,0.0,0,0,0,0,0,1
4,449,0.0,0.0,0,1,0,0,1,0
7,449,0.0,0.0,0,0,0,0,0,0
8,449,0.0,0.0,0,0,1,0,0,0
9,449,0.0,0.0,0,0,0,0,1,0
4,450,1.0,1.0,1,0,0,1,0,0
7,450,0.0,0.0,0,0,0,0,0,1
8,450,0.0,0.0,0,1,0,0,0,0
9,450,1.0,1.0,0,0,0,1,0,0
4,451,0.0,0.0,0,0,1,0,0,0
7,451,0.0,0.0,0,0,0,0,1,0
8,451,0.0,0.0,1,0,0,0,0,0
9,451,0.0,0.0,0,0,1,0,0,0
4,452,0.0,0.0,0,1,0,0,0,0
7,452,1.0,1.0,0,0,0,1,0,0
8,452,1.0,1.0,0,0,0,0,0,0
9,452,0.0,0.0,0,1,0,0,0,0
4,453,0.0,0.0,1,0,0,0,0,1
7,453,0.0,0.0,0,0,1,0,0,0
8,453,0.0,0.0,0,0,0,0,0,0
9,453,0.0,0.0,1,0,0,0,0,1
4,454,0.0,0.0,0,0,0,0,1,0
7,454,0.0,0.0,0,1,0,0,0,0
8,454,0.0,0.0,0,0,0,0,0,0
9,454,0.0,0.0,0,0,0,0,1,0
4,455,0.0,0.0,0,0,0,1,0,0
7,455,0.0,0.0,1,0,0,0,0,1
8,455,0.0,0.0,0,0,0,0,0,1
9,455,1.0,1.0,0,0,0,1,0,0
4,456,0.0,0.0,0,0,1,0,0,0
7,456,0.0,0.0,0,0,0,0,1,0
8,456,0.0,0.0,0,0,0,0,1,0
9,456,0.0,0.0,0,0,1,0,0,0
4,457,0.0,0.0,0,1,0,0,0,0
7,457,0.0,0.0,0,0,0,1,0,0
8,457,0.0,0.0,0,0,0,1,0,0
9,457,0.0,0.0,0,1,0,0,0,0
4,458,0.0,0.0,1,0,0,0,0,0
7,458,0.0,0.0,0,0,1,0,0,0
8,458,0.0,0.0,0,0,1,0,0,0
9,458,0.0,0.0,1,0,0,0,0,1
4,459,0.0,0.0,0,0,0,0,0,0
7,459,0.0,0.0,0,1,0,0,0,0
8,459,0.0,0.0,0,1,0,0,0,0
9,459,0.0,0.0,0,0,0,0,1,0
4,460,0.0,0.0,0,0,0,0,0,0
7,460,0.0,0.0,1,0,0,0,0,0
8,460,1.0,1.0,1,0,0,0,0,0
9,460,0.0,0.0,0,0,0,1,0,0
4,461,0.0,0.0,0,0,0,0,0,0
7,461,0.0,0.0,0,0,0,0,0,0
8,461,0.0,0.0,0,0,0,0,0,0
9,461,0.0,0.0,0,0,1,0,0,0
4,462,0.0,0.0,0,0,0,0,0,0
7,462,0.0,0.0,0,0,0,0,0,0
8,462,0.0,0.0,0,0,0,0,0,0
9,462,0.0,0.0,0,1,0,0,0,0
4,463,1.0,1.0,0,0,0,0,0,0
7,463,1.0,1.0,0,0,0,0,0,0
8,463,0.0,0.0,0,0,0,0,0,1
9,463,0.0,0.0,1,0,0,0,0,0
4,464,0.0,0.0,0,0,0,0,0,0
7,464,0.0,0.0,0,0,0,0,0,0
8,464,0.0,0.0,0,0,0,0,1,0
9,464,0.0,0.0,0,0,0,0,0,0
4,465,1.0,1.0,0,0,0,0,0,0
7,465,0.0,0.0,0,0,0,0,0,0
8,465,0.0,0.0,0,0,0,1,0,0
9,465,0.0,0.0,0,0,0,0,0,0
4,466,0.0,0.0,0,0,0,0,0,1
7,466,0.0,0.0,0,0,0,0,0,1
8,466,0.0,0.0,0,0,1,0,0,0
9,466,0.0,0.0,0,0,0,0,0,0
4,467,0.0,0.0,0,0,0,0,1,0
7,467,0.0,0.0,0,0,0,0,1,0
8,467,0.0,0.0,0,1,0,0,0,0
9,467,1.0,1.0,0,0,0,0,0,0
4,468,0.0,0.0,0,0,0,1,0,1
7,468,0.0,0.0,0,0,0,1,0,0
8,468,0.0,0.0,1,0,0,0,0,0
9,468,0.0,0.0,0,0,0,0,0,0
4,469,1.0,1.0,0,0,1,0,1,0
7,469,0.0,0.0,0,0,1,0,0,0
8,469,1.0,1.0,0,0,0,0,0,0
9,469,0.0,0.0,0,0,0,0,0,0
4,470,0.0,0.0,0,1,0,1,0,0
7,470,0.0,0.0,0,1,0,0,0,0
8,470,0.0,0.0,0,0,0,0,0,0
9,470,0.0,0.0,0,0,0,0,0,1
4,471,1.0,1.0,1,0,1,0,0,0
7,471,0.0,0.0,1,0,0,0,0,0
8,471,1.0,1.0,0,0,0,0,0,0
9,471,0.0,0.0,0,0,0,0,1,0
4,472,1.0,1.0,0,1,0,0,0,1
7,472,0.0,0.0,0,0,0,0,0,0
8,472,0.0,0.0,0,0,0,0,0,1
9,472,0.0,0.0,0,0,0,1,0,0
4,473,0.0,0.0,1,0,0,0,1,0
7,473,0.0,0.0,0,0,0,0,0,0
8,473,0.0,0.0,0,0,0,0,1,0
9,473,0.0,0.0,0,0,1,0,0,0
4,474,0.0,0.0,0,0,0,1,0,1
7,474,0.0,0.0,0,0,0,0,0,0
8,474,1.0,1.0,0,0,0,1,0,1
9,474,0.0,0.0,0,1,0,0,0,0
4,475,1.0,1.0,0,0,1,0,1,1
7,475,1.0,1.0,0,0,0,0,0,0
8,475,0.0,0.0,0,0,1,0,1,0
9,475,0.0,0.0,1,0,0,0,0,0
4,476,0.0,0.0,0,1,0,1,1,0
7,476,0.0,0.0,0,0,0,0,0,0
8,476,0.0,0.0,0,1,0,1,0,0
9,476,0.0,0.0,0,0,0,0,0,0
4,477,0.0,0.0,1,0,1,1,0,0
7,477,0.0,0.0,0,0,0,0,0,0
8,477,0.0,0.0,1,0,1,0,0,1
9,477,0.0,0.0,0,0,0,0,0,0
4,478,0.0,0.0,0,1,1,0,0,1
7,478,0.0,0.0,0,0,0,0,0,1
8,478,1.0,1.0,0,1,0,0,1,0
9,478,0.0,0.0,0,0,0,0,0,0
4,479,0.0,0.0,1,1,0,0,1,0
7,479,0.0,0.0,0,0,0,0,1,0
8,479,0.0,0.0,1,0,0,1,0,0
9,479,0.0,0.0,0,0,0,0,0,0
4,480,0.0,0.0,1,0,0,1,0,0
7,480,0.0,0.0,0,0,0,1,0,0
8,480,0.0,0.0,0,0,1,0,0,0
9,480,0.0,0.0,0,0,0,0,0,0
4,481,0.0,0.0,0,0,1,0,0,0
7,481,0.0,0.0,0,0,1,0,0,0
8,481,1.0,1.0,0,1,0,0,0,1
9,481,0.0,0.0,0,0,0,0,0,0
4,482,1.0,1.0,0,1,0,0,0,0
7,482,0.0,0.0,0,1,0,0,0,0
8,482,0.0,0.0,1,0,0,0,1,0
9,482,0.0,0.0,0,0,0,0,0,0
4,483,0.0,0.0,1,0,0,0,0,0
7,483,0.0,0.0,1,0,0,0,0,0
8,483,0.0,0.0,0,0,0,1,0,0
9,483,0.0,0.0,0,0,0,0,0,0
4,484,1.0,1.0,0,0,0,0,0,0
7,484,0.0,0.0,0,0,0,0,0,0
8,484,0.0,0.0,0,0,1,0,0,1
9,484,0.0,0.0,0,0,0,0,0,0
4,485,0.0,0.0,0,0,0,0,0,1
7,485,0.0,0.0,0,0,0,0,0,0
8,485,0.0,0.0,0,1,0,0,1,0
9,485,0.0,0.0,0,0,0,0,0,0
4,486,1.0,1.0,0,0,0,0,1,0
7,486,0.0,0.0,0,0,0,0,0,0
8,486,0.0,0.0,1,0,0,1,0,0
9,486,0.0,0.0,0,0,0,0,0,0
4,487,1.0,1.0,0,0,0,1,0,1
7,487,0.0,0.0,0,0,0,0,0,0
8,487,0.0,0.0,0,0,1,0,0,0
9,487,0.0,0.0,0,0,0,0,0,0
4,488,0.0,0.0,0,0,1,0,1,0
7,488,0.0,0.0,0,0,0,0,0,0
8,488,0.0,0.0,0,1,0,0,0,0
9,488,0.0,0.0,0,0,0,0,0,0
4,489,1.0,1.0,0,1,0,1,0,1
7,489,0.0,0.0,0,0,0,0,0,0
8,489,0.0,0.0,1,0,0,0,0,0
9,489,0.0,0.0,0,0,0,0,0,0
4,490,1.0,1.0,1,0,1,0,1,1
7,490,0.0,0.0,0,0,0,0,0,0
8,490,0.0,0.0,0,0,0,0,0,0
9,490,0.0,0.0,0,0,0,0,0,0
4,491,0.0,0.0,0,1,0,1,1,0
7,491,0.0,0.0,0,0,0,0,0,0
8,491,0.0,0.0,0,0,0,0,0,0
9,491,0.0,0.0,0,0,0,0,0,0
4,492,1.0,1.0,1,0,1,1,0,1
7,492,1.0,1.0,0,0,0,0,0,0
8,492,0.0,0.0,0,0,0,0,0,0
9,492,1.0,1.0,0,0,0,0,0,0
4,493,1.0,1.0,0,1,1,0,1,1
7,493,0.0,0.0,0,0,0,0,0,0
8,493,0.0,0.0,0,0,0,0,0,0
9,493,1.0,1.0,0,0,0,0,0,0
4,494,0.0,0.0,1,1,0,1,1,0
7,494,0.0,0.0,0,0,0,0,0,0
8,494,0.0,0.0,0,0,0,0,0,0
9,494,0.0,0.0,0,0,0,0,0,0
4,495,1.0,1.0,1,0,1,1,0,1
7,495,0.0,0.0,0,0,0,0,0,1
8,495,1.0,1.0,0,0,0,0,0,0
9,495,1.0,1.0,0,0,0,0,0,1
4,496,0.0,0.0,0,1,1,0,1,1
7,496,0.0,0.0,0,0,0,0,1,0
8,496,0.0,0.0,0,0,0,0,0,0
9,496,0.0,0.0,0,0,0,0,1,1
4,497,0.0,0.0,1,1,0,1,1,0
7,497,0.0,0.0,0,0,0,1,0,0
8,497,1.0,1.0,0,0,0,0,0,0
9,497,0.0,0.0,0,0,0,1,1,0
4,498,0.0,0.0,1,0,1,1,0,1
7,498,0.0,0.0,0,0,1,0,0,0
8,498,1.0,1.0,0,0,0,0,0,1
9,498,0.0,0.0,0,0,1,1,0,1
4,499,1.0,1.0,0,1,1,0,1,0
7,499,0.0,0.0,0,1,0,0,0,0
8,499,1.0,1.0,0,0,0,0,1,0
9,499,0.0,0.0,0,1,1,0,1,0
4,500,0.0,0.0,1,1,0,1,0,0
7,500,0.0,0.0,1,0,0,0,0,0
8,500,1.0,1.0,0,0,0,1,0,1
9,500,0.0,0.0,1,1,0,1,0,0
4,501,0.0,0.0,1,0,1,0,0,0
7,501,0.0,0.0,0,0,0,0,0,0
8,501,1.0,1.0,0,0,1,0,1,1
9,501,0.0,0.0,1,0,1,0,0,0
4,502,0.0,0.0,0,1,0,0,0,1
7,502,0.0,0.0,0,0,0,0,0,0
8,502,1.0,1.0,0,1,0,1,1,1
9,502,1.0,1.0,0,1,0,0,0,0
4,503,0.0,0.0,1,0,0,0,1,0
7,503,0.0,0.0,0,0,0,0,0,0
8,503,1.0,1.0,1,0,1,1,1,1
9,503,0.0,0.0,1,0,0,0,0,0
4,504,0.0,0.0,0,0,0,1,0,0
7,504,0.0,0.0,0,0,0,0,0,0
8,504,1.0,1.0,0,1,1,1,1,1
9,504,1.0,1.0,0,0,0,0,0,0
4,505,0.0,0.0,0,0,1,0,0,0
7,505,0.0,0.0,0,0,0,0,0,0
8,505,1.0,1.0,1,1,1,1,1,1
9,505,0.0,0.0,0,0,0,0,0,1
4,506,0.0,0.0,0,1,0,0,0,0
7,506,0.0,0.0,0,0,0,0,0,0
8,506,1.0,1.0,1,1,1,1,1,1
9,506,0.0,0.0,0,0,0,0,1,0
4,507,0.0,0.0,1,0,0,0,0,0
7,507,0.0,0.0,0,0,0,0,0,0
8,507,1.0,1.0,1,1,1,1,1,1
9,507,0.0,0.0,0,0,0,1,0,1
4,508,0.0,0.0,0,0,0,0,0,0
7,508,0.0,0.0,0,0,0,0,0,0
8,508,0.0,0.0,1,1,1,1,1,1
9,508,0.0,0.0,0,0,1,0,1,0
4,509,0.0,0.0,0,0,0,0,0,0
7,509,0.0,0.0,0,0,0,0,0,0
8,509,1.0,1.0,1,1,1,1,1,1
9,509,0.0,0.0,0,1,0,1,0,0
4,510,1.0,1.0,0,0,0,0,0,0
7,510,0.0,0.0,0,0,0,0,0,0
8,510,0.0,0.0,1,1,1,1,1,1
9,510,0.0,0.0,1,0,1,0,0,0
4,511,1.0,1.0,0,0,0,0,0,0
7,511,0.0,0.0,0,0,0,0,0,0
8,511,0.0,0.0,1,1,1,1,1,0
9,511,0.0,0.0,0,1,0,0,0,0
4,512,1.0,1.0,0,0,0,0,0,0
7,512,0.0,0.0,0,0,0,0,0,0
8,512,0.0,0.0,1,1,1,1,0,1
9,512,0.0,0.0,1,0,0,0,0,0
4,513,1.0,1.0,0,0,0,0,0,1
7,513,0.0,0.0,0,0,0,0,0,0
8,513,1.0,1.0,1,1,1,0,1,0
9,513,0.0,0.0,0,0,0,0,0,0
4,514,1.0,1.0,0,0,0,0,1,1
7,514,0.0,0.0,0,0,0,0,0,0
8,514,1.0,1.0,1,1,0,1,0,0
9,514,0.0,0.0,0,0,0,0,0,0
4,515,1.0,1.0,0,0,0,1,1,1
7,515,1.0,1.0,0,0,0,0,0,0
8,515,1.0,1.0,1,0,1,0,0,0
9,515,1.0,1.0,0,0,0,0,0,0
4,516,1.0,1.0,0,0,1,1,1,1
7,516,0.0,0.0,0,0,0,0,0,0
8,516,1.0,1.0,0,1,0,0,0,1
9,516,0.0,0.0,0,0,0,0,0,0
4,517,0.0,0.0,0,1,1,1,1,1
7,517,0.0,0.0,0,0,0,0,0,0
8,517,1.0,1.0,1,0,0,0,1,1
9,517,1.0,1.0,0,0,0,0,0,0
4,518,0.0,0.0,1,1,1,1,1,1
7,518,0.0,0.0,0,0,0,0,0,1
8,518,0.0,0.0,0,0,0,1,1,1
9,518,0.0,0.0,0,0,0,0,0,1
4,519,0.0,0.0,1,1,1,1,1,1
7,519,1.0,1.0,0,0,0,0,1,0
8,519,1.0,1.0,0,0,1,1,1,1
9,519,0.0,0.0,0,0,0,0,1,0
4,520,0.0,0.0,1,1,1,1,1,0
7,520,1.0,1.0,0,0,0,1,0,0
8,520,0.0,0.0,0,1,1,1,1,1
9,520,0.0,0.0,0,0,0,1,0,1
4,521,0.0,0.0,1,1,1,1,0,0
7,521,0.0,0.0,0,0,1,0,0,0
8,521,0.0,0.0,1,1,1,1,1,0
9,521,0.0,0.0,0,0,1,0,1,0
4,522,1.0,1.0,1,1,1,0,0,0
7,522,1.0,1.0,0,1,0,0,0,1
8,522,1.0,1.0,1,1,1,1,0,1
9,522,0.0,0.0,0,1,0,1,0,0
4,523,0.0,0.0,1,1,0,0,0,0
7,523,1.0,1.0,1,0,0,0,1,1
8,523,0.0,0.0,1,1,1,0,1,0
9,523,0.0,0.0,1,0,1,0,0,0
4,524,0.0,0.0,1,0,0,0,0,0
7,524,0.0,0.0,0,0,0,1,1,0
8,524,0.0,0.0,1,1,0,1,0,0
9,524,0.0,0.0,0,1,0,0,0,0
4,525,0.0,0.0,0,0,0,0,0,1
7,525,0.0,0.0,0,0,1,1,0,1
8,525,0.0,0.0,1,0,1,0,0,1
9,525,1.0,1.0,1,0,0,0,0,0
4,526,0.0,0.0,0,0,0,0,1,0
7,526,0.0,0.0,0,1,1,0,1,1
8,526,1.0,1.0,0,1,0,0,1,0
9,526,1.0,1.0,0,0,0,0,0,0
4,527,0.0,0.0,0,0,0,1,0,0
7,527,0.0,0.0,1,1,0,1,1,0
8,527,1.0,1.0,1,0,0,1,0,0
9,527,0.0,0.0,0,0,0,0,0,0
4,528,0.0,0.0,0,0,1,0,0,0
7,528,0.0,0.0,1,0,1,1,0,0
8,528,0.0,0.0,0,0,1,0,0,0
9,528,0.0,0.0,0,0,0,0,0,1
4,529,0.0,0.0,0,1,0,0,0,0
7,529,0.0,0.0,0,1,1,0,0,0
8,529,1.0,1.0,0,1,0,0,0,1
9,529,0.0,0.0,0,0,0,0,1,1
4,530,1.0,1.0,1,0,0,0,0,0
7,530,0.0,0.0,1,1,0,0,0,0
8,530,0.0,0.0,1,0,0,0,1,1
9,530,0.0,0.0,0,0,0,1,1,0
4,531,0.0,0.0,0,0,0,0,0,0
7,531,0.0,0.0,1,0,0,0,0,0
8,531,0.0,0.0,0,0,0,1,1,0
9,531,0.0,0.0,0,0,1,1,0,0
4,532,0.0,0.0,0,0,0,0,0,0
7,532,0.0,0.0,0,0,0,0,0,0
8,532,0.0,0.0,0,0,1,1,0,1
9,532,0.0,0.0,0,1,1,0,0,0
4,533,0.0,0.0,0,0,0,0,0,1
7,533,0.0,0.0,0,0,0,0,0,0
8,533,1.0,1.0,0,1,1,0,1,0
9,533,0.0,0.0,1,1,0,0,0,0
4,534,0.0,0.0,0,0,0,0,1,0
7,534,0.0,0.0,0,0,0,0,0,0
8,534,0.0,0.0,1,1,0,1,0,0
9,534,0.0,0.0,1,0,0,0,0,0
4,535,0.0,0.0,0,0,0,1,0,0
7,535,0.0,0.0,0,0,0,0,0,0
8,535,0.0,0.0,1,0,1,0,0,0
9,535,0.0,0.0,0,0,0,0,0,0
4,536,0.0,0.0,0,0,1,0,0,0
7,536,1.0,1.0,0,0,0,0,0,0
8,536,0.0,0.0,0,1,0,0,0,1
9,536,0.0,0.0,0,0,0,0,0,0
4,537,0.0,0.0,0,1,0,0,0,0
7,537,0.0,0.0,0,0,0,0,0,0
8,537,0.0,0.0,1,0,0,0,1,0
9,537,1.0,1.0,0,0,0,0,0,0
4,538,1.0,1.0,1,0,0,0,0,0
7,538,0.0,0.0,0,0,0,0,0,0
8,538,1.0,1.0,0,0,0,1,0,0
9,538,0.0,0.0,0,0,0,0,0,0
4,539,0.0,0.0,0,0,0,0,0,0
7,539,0.0,0.0,0,0,0,0,0,1
8,539,0.0,0.0,0,0,1,0,0,0
9,539,1.0,1.0,0,0,0,0,0,0
4,540,1.0,1.0,0,0,0,0,0,0
7,540,0.0,0.0,0,0,0,0,1,0
8,540,1.0,1.0,0,1,0,0,0,0
9,540,0.0,0.0,0,0,0,0,0,1
4,541,1.0,1.0,0,0,0,0,0,1
7,541,1.0,1.0,0,0,0,1,0,0
8,541,0.0,0.0,1,0,0,0,0,1
9,541,0.0,0.0,0,0,0,0,1,0
4,542,1.0,1.0,0,0,0,0,1,0
7,542,1.0,1.0,0,0,1,0,0,0
8,542,0.0,0.0,0,0,0,0,1,0
9,542,0.0,0.0,0,0,0,1,0,1
4,543,1.0,1.0,0,0,0,1,0,1
7,543,0.0,0.0,0,1,0,0,0,0
8,543,0.0,0.0,0,0,0,1,0,1
9,543,0.0,0.0,0,0,1,0,1,0
4,544,0.0,0.0,0,0,1,0,1,1
7,544,0.0,0.0,1,0,0,0,0,1
8,544,0.0,0.0,0,0,1,0,1,0
9,544,0.0,0.0,0,1,0,1,0,0
4,545,1.0,1.0,0,1,0,1,1,1
7,545,1.0,1.0,0,0,0,0,1,1
8,545,0.0,0.0,0,1,0,1,0,0
9,545,0.0,0.0,1,0,1,0,0,0
4,546,0.0,0.0,1,0,1,1,1,1
7,546,0.0,0.0,0,0,0,1,1,0
8,546,0.0,0.0,1,0,1,0,0,0
9,546,1.0,1.0,0,1,0,0,0,0
4,547,0.0,0.0,0,1,1,1,1,0
7,547,0.0,0.0,0,0,1,1,0,0
8,547,0.0,0.0,0,1,0,0,0,0
9,547,1.0,1.0,1,0,0,0,0,0
4,548,0.0,0.0,1,1,1,1,0,1
7,548,0.0,0.0,0,1,1,0,0,1
8,548,0.0,0.0,1,0,0,0,0,0
9,548,0.0,0.0,0,0,0,0,0,0
4,549,0.0,0.0,1,1,1,0,1,0
7,549,0.0,0.0,1,1,0,0,1,0
8,549,0.0,0.0,0,0,0,0,0,0
9,549,0.0,0.0,0,0,0,0,0,1
4,550,0.0,0.0,1,1,0,1,0,0
7,550,0.0,0.0,1,0,0,1,0,0
8,550,0.0,0.0,0,0,0,0,0,0
9,550,0.0,0.0,0,0,0,0,1,1
4,551,1.0,1.0,1,0,1,0,0,0
7,551,1.0,1.0,0,0,1,0,0,0
8,551,0.0,0.0,0,0,0,0,0,0
9,551,1.0,1.0,0,0,0,1,1,0
4,552,0.0,0.0,0,1,0,0,0,0
7,552,0.0,0.0,0,1,0,0,0,0
8,552,0.0,0.0,0,0,0,0,0,0
9,552,0.0,0.0,0,0,1,1,0,0
4,553,0.0,0.0,1,0,0,0,0,0
7,553,1.0,1.0,1,0,0,0,0,0
8,553,0.0,0.0,0,0,0,0,0,0
9,553,1.0,1.0,0,1,1,0,0,0
4,554,1.0,1.0,0,0,0,0,0,1
7,554,0.0,0.0,0,0,0,0,0,1
8,554,1.0,1.0,0,0,0,0,0,0
9,554,1.0,1.0,1,1,0,0,0,1
4,555,0.0,0.0,0,0,0,0,1,0
7,555,0.0,0.0,0,0,0,0,1,0
8,555,0.0,0.0,0,0,0,0,0,0
9,555,0.0,0.0,1,0,0,0,1,0
4,556,0.0,0.0,0,0,0,1,0,0
7,556,0.0,0.0,0,0,0,1,0,1
8,556,0.0,0.0,0,0,0,0,0,0
9,556,1.0,1.0,0,0,0,1,0,1
4,557,0.0,0.0,0,0,1,0,0,1
7,557,0.0,0.0,0,0,1,0,1,0
8,557,1.0,1.0,0,0,0,0,0,1
9,557,0.0,0.0,0,0,1,0,1,1
4,558,0.0,0.0,0,1,0,0,1,0
7,558,0.0,0.0,0,1,0,1,0,0
8,558,0.0,0.0,0,0,0,0,1,0
9,558,0.0,0.0,0,1,0,1,1,0
4,559,0.0,0.0,1,0,0,1,0,0
7,559,0.0,0.0,1,0,1,0,0,0
8,559,1.0,1.0,0,0,0,1,0,0
9,559,0.0,0.0,1,0,1,1,0,1
4,560,0.0,0.0,0,0,1,0,0,0
7,560,0.0,0.0,0,1,0,0,0,0
8,560,0.0,0.0,0,0,1,0,0,1
9,560,0.0,0.0,0,1,1,0,1,0
4,561,1.0,1.0,0,1,0,0,0,0
7,561,0.0,0.0,1,0,0,0,0,0
8,561,0.0,0.0,0,1,0,0,1,0
9,561,0.0,0.0,1,1,0,1,0,0
4,562,1.0,1.0,1,0,0,0,0,0
7,562,0.0,0.0,0,0,0,0,0,0
8,562,1.0,1.0,1,0,0,1,0,1
9,562,0.0,0.0,1,0,1,0,0,0
4,563,0.0,0.0,0,0,0,0,0,0
7,563,0.0,0.0,0,0,0,0,0,0
8,563,0.0,0.0,0,0,1,0,1,0
9,563,0.0,0.0,0,1,0,0,0,0
4,564,1.0,1.0,0,0,0,0,0,1
7,564,0.0,0.0,0,0,0,0,0,0
8,564,1.0,1.0,0,1,0,1,0,0
9,564,0.0,0.0,1,0,0,0,0,0
4,565,0.0,0.0,0,0,0,0,1,1
7,565,0.0,0.0,0,0,0,0,0,0
8,565,0.0,0.0,1,0,1,0,0,1
9,565,0.0,0.0,0,0,0,0,0,0
4,566,1.0,1.0,0,0,0,1,1,0
7,566,0.0,0.0,0,0,0,0,0,0
8,566,0.0,0.0,0,1,0,0,1,0
9,566,0.0,0.0,0,0,0,0,0,0
4,567,1.0,1.0,0,0,1,1,0,1
7,567,0.0,0.0,0,0,0,0,0,0
8,567,1.0,1.0,1,0,0,1,0,1
9,567,0.0,0.0,0,0,0,0,0,0
4,568,1.0,1.0,0,1,1,0,1,0
7,568,0.0,0.0,0,0,0,0,0,0
8,568,0.0,0.0,0,0,1,0,1,0
9,568,1.0,1.0,0,0,0,0,0,0
4,569,0.0,0.0,1,1,0,1,0,1
7,569,0.0,0.0,0,0,0,0,0,0
8,569,1.0,1.0,0,1,0,1,0,0
9,569,0.0,0.0,0,0,0,0,0,0
4,570,0.0,0.0,1,0,1,0,1,1
7,570,0.0,0.0,0,0,0,0,0,0
8,570,1.0,1.0,1,0,1,0,0,1
9,570,0.0,0.0,0,0,0,0,0,0
4,571,0.0,0.0,0,1,0,1,1,1
7,571,0.0,0.0,0,0,0,0,0,0
8,571,1.0,1.0,0,1,0,0,1,0
9,571,0.0,0.0,0,0,0,0,0,1
4,572,0.0,0.0,1,0,1,1,1,0
7,572,0.0,0.0,0,0,0,0,0,0
8,572,0.0,0.0,1,0,0,1,0,1
9,572,0.0,0.0,0,0,0,0,1,0
4,573,1.0,1.0,0,1,1,1,0,0
7,573,0.0,0.0,0,0,0,0,0,0
8,573,1.0,1.0,0,0,1,0,1,1
9,573,0.0,0.0,0,0,0,1,0,0
4,574,0.0,0.0,1,1,1,0,0,0
7,574,0.0,0.0,0,0,0,0,0,0
8,574,0.0,0.0,0,1,0,1,1,1
9,574,0.0,0.0,0,0,1,0,0,0
4,575,0.0,0.0,1,1,0,0,0,0
7,575,1.0,1.0,0,0,0,0,0,0
8,575,1.0,1.0,1,0,1,1,1,0
9,575,0.0,0.0,0,1,0,0,0,0
4,576,0.0,0.0,1,0,0,0,0,1
7,576,0.0,0.0,0,0,0,0,0,0
8,576,0.0,0.0,0,1,1,1,0,1
9,576,0.0,0.0,1,0,0,0,0,0
4,577,0.0,0.0,0,0,0,0,1,0
7,577,0.0,0.0,0,0,0,0,0,0
8,577,0.0,0.0,1,1,1,0,1,0
9,577,1.0,1.0,0,0,0,0,0,0
4,578,0.0,0.0,0,0,0,1,0,0
7,578,0.0,0.0,0,0,0,0,0,1
8,578,0.0,0.0,1,1,0,1,0,1
9,578,1.0,1.0,0,0,0,0,0,0
4,579,1.0,1.0,0,0,1,0,0,0
7,579,0.0,0.0,0,0,0,0,1,0
8,579,1.0,1.0,1,0,1,0,1,0
9,579,1.0,1.0,0,0,0,0,0,0
4,580,0.0,0.0,0,1,0,0,0,0
7,580,1.0,1.0,0,0,0,1,0,0
8,580,0.0,0.0,0,1,0,1,0,0
9,580,0.0,0.0,0,0,0,0,0,1
4,581,0.0,0.0,1,0,0,0,0,0
7,581,0.0,0.0,0,0,1,0,0,0
8,581,0.0,0.0,1,0,1,0,0,0
9,581,0.0,0.0,0,0,0,0,1,1
4,582,0.0,0.0,0,0,0,0,0,1
7,582,0.0,0.0,0,1,0,0,0,0
8,582,0.0,0.0,0,1,0,0,0,1
9,582,1.0,1.0,0,0,0,1,1,1
4,583,0.0,0.0,0,0,0,0,1,0
7,583,0.0,0.0,1,0,0,0,0,1
8,583,1.0,1.0,1,0,0,0,1,0
9,583,0.0,0.0,0,0,1,1,1,0
4,584,0.0,0.0,0,0,0,1,0,0
7,584,1.0,1.0,0,0,0,0,1,0
8,584,1.0,1.0,0,0,0,1,0,0
9,584,0.0,0.0,0,1,1,1,0,0
4,585,0.0,0.0,0,0,1,0,0,0
7,585,1.0,1.0,0,0,0,1,0,0
8,585,1.0,1.0,0,0,1,0,0,0
9,585,0.0,0.0,1,1,1,0,0,1
4,586,0.0,0.0,0,1,0,0,0,0
7,586,0.0,0.0,0,0,1,0,0,0
8,586,0.0,0.0,0,1,0,0,0,1
9,586,0.0,0.0,1,1,0,0,1,0
4,587,1.0,1.0,1,0,0,0,0,0
7,587,0.0,0.0,0,1,0,0,0,1
8,587,0.0,0.0,1,0,0,0,1,1
9,587,1.0,1.0,1,0,0,1,0,0
4,588,1.0,1.0,0,0,0,0,0,0
7,588,0.0,0.0,1,0,0,0,1,1
8,588,0.0,0.0,0,0,0,1,1,1
9,588,0.0,0.0,0,0,1,0,0,0
4,589,1.0,1.0,0,0,0,0,0,0
7,589,0.0,0.0,0,0,0,1,1,0
8,589,0.0,0.0,0,0,1,1,1,0
9,589,0.0,0.0,0,1,0,0,0,0
4,590,0.0,0.0,0,0,0,0,0,1
7,590,0.0,0.0,0,0,1,1,0,0
8,590,0.0,0.0,0,1,1,1,0,0
9,590,0.0,0.0,1,0,0,0,0,1
4,591,1.0,1.0,0,0,0,0,1,1
7,591,0.0,0.0,0,1,1,0,0,0
8,591,1.0,1.0,1,1,1,0,0,0
9,591,0.0,0.0,0,0,0,0,1,0
4,592,0.0,0.0,0,0,0,1,1,1
7,592,0.0,0.0,1,1,0,0,0,0
8,592,0.0,0.0,1,1,0,0,0,0
9,592,0.0,0.0,0,0,0,1,0,0
4,593,0.0,0.0,0,0,1,1,1,0
7,593,0.0,0.0,1,0,0,0,0,0
8,593,0.0,0.0,1,0,0,0,0,0
9,593,0.0,0.0,0,0,1,0,0,0
4,594,0.0,0.0,0,1,1,1,0,1
7,594,0.0,0.0,0,0,0,0,0,0
8,594,1.0,1.0,0,0,0,0,0,1
9,594,0.0,0.0,0,1,0,0,0,0
4,595,1.0,1.0,1,1,1,0,1,0
7,595,0.0,0.0,0,0,0,0,0,0
8,595,0.0,0.0,0,0,0,0,1,0
9,595,1.0,1.0,1,0,0,0,0,0
4,596,1.0,1.0,1,1,0,1,0,0
7,596,0.0,0.0,0,0,0,0,0,0
8,596,0.0,0.0,0,0,0,1,0,0
9,596,0.0,0.0,0,0,0,0,0,0
4,597,1.0,1.0,1,0,1,0,0,0
7,597,1.0,1.0,0,0,0,0,0,0
8,597,0.0,0.0,0,0,1,0,0,1
9,597,0.0,0.0,0,0,0,0,0,0
4,598,0.0,0.0,0,1,0,0,0,1
7,598,0.0,0.0,0,0,0,0,0,0
8,598,0.0,0.0,0,1,0,0,1,0
9,598,0.0,0.0,0,0,0,0,0,1
4,599,1.0,1.0,1,0,0,0,1,1
7,599,0.0,0.0,0,0,0,0,0,0
8,599,0.0,0.0,1,0,0,1,0,0
9,599,0.0,0.0,0,0,0,0,1,0
4,600,1.0,1.0,0,0,0,1,1,1
7,600,0.0,0.0,0,0,0,0,0,1
8,600,0.0,0.0,0,0,1,0,0,0
9,600,1.0,1.0,0,0,0,1,0,0
4,601,0.0,0.0,0,0,1,1,1,0
7,601,0.0,0.0,0,0,0,0,1,0
8,601,0.0,0.0,0,1,0,0,0,0
9,601,1.0,1.0,0,0,1,0,0,0
4,602,0.0,0.0,0,1,1,1,0,1
7,602,0.0,0.0,0,0,0,1,0,0
8,602,0.0,0.0,1,0,0,0,0,0
9,602,1.0,1.0,0,1,0,0,0,0
4,603,0.0,0.0,1,1,1,0,1,1
7,603,0.0,0.0,0,0,1,0,0,0
8,603,0.0,0.0,0,0,0,0,0,0
9,603,0.0,0.0,1,0,0,0,0,1
4,604,0.0,0.0,1,1,0,1,1,0
7,604,0.0,0.0,0,1,0,0,0,0
8,604,1.0,1.0,0,0,0,0,0,0
9,604,0.0,0.0,0,0,0,0,1,1
4,605,0.0,0.0,1,0,1,1,0,0
7,605,0.0,0.0,1,0,0,0,0,0
8,605,0.0,0.0,0,0,0,0,0,0
9,605,1.0,1.0,0,0,0,1,1,1
4,606,1.0,1.0,0,1,1,0,0,0
7,606,0.0,0.0,0,0,0,0,0,0
8,606,1.0,1.0,0,0,0,0,0,0
9,606,1.0,1.0,0,0,1,1,1,0
4,607,1.0,1.0,1,1,0,0,0,0
7,607,0.0,0.0,0,0,0,0,0,0
8,607,1.0,1.0,0,0,0,0,0,1
9,607,0.0,0.0,0,1,1,1,0,0
4,608,0.0,0.0,1,0,0,0,0,0
7,608,0.0,0.0,0,0,0,0,0,0
8,608,0.0,0.0,0,0,0,0,1,0
9,608,1.0,1.0,1,1,1,0,0,1
4,609,0.0,0.0,0,0,0,0,0,1
7,609,0.0,0.0,0,0,0,0,0,0
8,609,1.0,1.0,0,0,0,1,0,1
9,609,0.0,0.0,1,1,0,0,1,1
4,610,0.0,0.0,0,0,0,0,1,1
7,610,0.0,0.0,0,0,0,0,0,0
8,610,0.0,0.0,0,0,1,0,1,1
9,610,0.0,0.0,1,0,0,1,1,0
4,611,0.0,0.0,0,0,0,1,1,0
7,611,0.0,0.0,0,0,0,0,0,0
8,611,1.0,1.0,0,1,0,1,1,0
9,611,1.0,1.0,0,0,1,1,0,1
4,612,0.0,0.0,0,0,1,1,0,0
7,612,0.0,0.0,0,0,0,0,0,0
8,612,0.0,0.0,1,0,1,1,0,1
9,612,0.0,0.0,0,1,1,0,1,0
4,613,0.0,0.0,0,1,1,0,0,0
7,613,0.0,0.0,0,0,0,0,0,0
8,613,0.0,0.0,0,1,1,0,1,0
9,613,0.0,0.0,1,1,0,1,0,0
4,614,0.0,0.0,1,1,0,0,0,0
7,614,1.0,1.0,0,0,0,0,0,0
8,614,1.0,1.0,1,1,0,1,0,1
9,614,0.0,0.0,1,0,1,0,0,1
4,615,0.0,0.0,1,0,0,0,0,0
7,615,0.0,0.0,0,0,0,0,0,0
8,615,0.0,0.0,1,0,1,0,1,0
9,615,0.0,0.0,0,1,0,0,1,0
4,616,0.0,0.0,0,0,0,0,0,0
7,616,0.0,0.0,0,0,0,0,0,0
8,616,0.0,0.0,0,1,0,1,0,0
9,616,0.0,0.0,1,0,0,1,0,0
4,617,0.0,0.0,0,0,0,0,0,0
7,617,0.0,0.0,0,0,0,0,0,1
8,617,0.0,0.0,1,0,1,0,0,1
9,617,0.0,0.0,0,0,1,0,0,0
4,618,1.0,1.0,0,0,0,0,0,0
7,618,0.0,0.0,0,0,0,0,1,0
8,618,1.0,1.0,0,1,0,0,1,0
9,618,0.0,0.0,0,1,0,0,0,0
4,619,0.0,0.0,0,0,0,0,0,0
7,619,0.0,0.0,0,0,0,1,0,0
8,619,0.0,0.0,1,0,0,1,0,0
9,619,1.0,1.0,1,0,0,0,0,0
4,620,1.0,1.0,0,0,0,0,0,0
7,620,0.0,0.0,0,0,1,0,0,0
8,620,0.0,0.0,0,0,1,0,0,0
9,620,0.0,0.0,0,0,0,0,0,0
4,621,0.0,0.0,0,0,0,0,0,1
7,621,0.0,0.0,0,1,0,0,0,0
8,621,1.0,1.0,0,1,0,0,0,1
9,621,1.0,1.0,0,0,0,0,0,0
4,622,1.0,1.0,0,0,0,0,1,0
7,622,0.0,0.0,1,0,0,0,0,0
8,622,1.0,1.0,1,0,0,0,1,0
9,622,0.0,0.0,0,0,0,0,0,1
4,623,1.0,1.0,0,0,0,1,0,1
7,623,0.0,0.0,0,0,0,0,0,0
8,623,0.0,0.0,0,0,0,1,0,0
9,623,1.0,1.0,0,0,0,0,1,0
4,624,0.0,0.0,0,0,1,0,1,0
7,624,0.0,0.0,0,0,0,0,0,0
8,624,0.0,0.0,0,0,1,0,0,1
9,624,1.0,1.0,0,0,0,1,0,1
4,625,0.0,0.0,0,1,0,1,0,1
7,625,1.0,1.0,0,0,0,0,0,0
8,625,0.0,0.0,0,1,0,0,1,1
9,625,1.0,1.0,0,0,1,0,1,0
4,626,1.0,1.0,1,0,1,0,1,1
7,626,0.0,0.0,0,0,0,0,0,0
8,626,0.0,0.0,1,0,0,1,1,0
9,626,1.0,1.0,0,1,0,1,0,1
4,627,1.0,1.0,0,1,0,1,1,0
7,627,0.0,0.0,0,0,0,0,0,0
8,627,0.0,0.0,0,0,1,1,0,0
9,627,0.0,0.0,1,0,1,0,1,1
4,628,1.0,1.0,1,0,1,1,0,0
7,628,0.0,0.0,0,0,0,0,0,1
8,628,0.0,0.0,0,1,1,0,0,0
9,628,0.0,0.0,0,1,0,1,1,1
4,629,0.0,0.0,0,1,1,0,0,1
7,629,0.0,0.0,0,0,0,0,1,0
8,629,0.0,0.0,1,1,0,0,0,0
9,629,0.0,0.0,1,0,1,1,1,1
4,630,0.0,0.0,1,1,0,0,1,1
7,630,0.0,0.0,0,0,0,1,0,0
8,630,0.0,0.0,1,0,0,0,0,0
9,630,1.0,1.0,0,1,1,1,1,0
4,631,0.0,0.0,1,0,0,1,1,1
7,631,0.0,0.0,0,0,1,0,0,0
8,631,0.0,0.0,0,0,0,0,0,0
9,631,1.0,1.0,1,1,1,1,0,0
4,632,1.0,1.0,0,0,1,1,1,0
7,632,0.0,0.0,0,1,0,0,0,0
8,632,0.0,0.0,0,0,0,0,0,0
9,632,1.0,1.0,1,1,1,0,0,0
4,633,1.0,1.0,0,1,1,1,0,0
7,633,0.0,0.0,1,0,0,0,0,0
8,633,0.0,0.0,0,0,0,0,0,0
9,633,1.0,1.0,1,1,0,0,0,1
4,634,0.0,0.0,1,1,1,0,0,0
7,634,0.0,0.0,0,0,0,0,0,0
8,634,0.0,0.0,0,0,0,0,0,0
9,634,1.0,1.0,1,0,0,0,1,1
4,635,0.0,0.0,1,1,0,0,0,1
7,635,0.0,0.0,0,0,0,0,0,0
8,635,0.0,0.0,0,0,0,0,0,0
9,635,1.0,1.0,0,0,0,1,1,1
4,636,0.0,0.0,1,0,0,0,1,1
7,636,1.0,1.0,0,0,0,0,0,0
8,636,1.0,1.0,0,0,0,0,0,0
9,636,1.0,1.0,0,0,1,1,1,1
4,637,1.0,1.0,0,0,0,1,1,0
7,637,0.0,0.0,0,0,0,0,0,0
8,637,0.0,0.0,0,0,0,0,0,0
9,637,1.0,1.0,0,1,1,1,1,1
4,638,1.0,1.0,0,0,1,1,0,0
7,638,0.0,0.0,0,0,0,0,0,0
8,638,1.0,1.0,0,0,0,0,0,0
9,638,1.0,1.0,1,1,1,1,1,1
4,639,1.0,1.0,0,1,1,0,0,0
7,639,1.0,1.0,0,0,0,0,0,1
8,639,0.0,0.0,0,0,0,0,0,1
9,639,0.0,0.0,1,1,1,1,1,1
4,640,1.0,1.0,1,1,0,0,0,1
7,640,0.0,0.0,0,0,0,0,1,0
8,640,0.0,0.0,0,0,0,0,1,0
9,640,1.0,1.0,1,1,1,1,1,1
4,641,0.0,0.0,1,0,0,0,1,1
7,641,0.0,0.0,0,0,0,1,0,0
8,641,0.0,0.0,0,0,0,1,0,1
9,641,1.0,1.0,1,1,1,1,1,1
4,642,0.0,0.0,0,0,0,1,1,1
7,642,0.0,0.0,0,0,1,0,0,1
8,642,0.0,0.0,0,0,1,0,1,0
9,642,1.0,1.0,1,1,1,1,1,0
4,643,1.0,1.0,0,0,1,1,1,1
7,643,1.0,1.0,0,1,0,0,1,0
8,643,0.0,0.0,0,1,0,1,0,0
9,643,1.0,1.0,1,1,1,1,0,1
4,644,1.0,1.0,0,1,1,1,1,0
7,644,0.0,0.0,1,0,0,1,0,0
8,644,0.0,0.0,1,0,1,0,0,0
9,644,1.0,1.0,1,1,1,0,1,1
4,645,0.0,0.0,1,1,1,1,0,0
7,645,0.0,0.0,0,0,1,0,0,0
8,645,1.0,1.0,0,1,0,0,0,0
9,645,1.0,1.0,1,1,0,1,1,1
4,646,0.0,0.0,1,1,1,0,0,1
7,646,0.0,0.0,0,1,0,0,0,1
8,646,1.0,1.0,1,0,0,0,0,0
9,646,1.0,1.0,1,0,1,1,1,1
4,647,0.0,0.0,1,1,0,0,1,1
7,647,0.0,0.0,1,0,0,0,1,0
8,647,0.0,0.0,0,0,0,0,0,0
9,647,1.0,1.0,0,1,1,1,1,1
4,648,0.0,0.0,1,0,0,1,1,0
7,648,1.0,1.0,0,0,0,1,0,0
8,648,1.0,1.0,0,0,0,0,0,1
9,648,0.0,0.0,1,1,1,1,1,1
4,649,0.0,0.0,0,0,1,1,0,0
7,649,0.0,0.0,0,0,1,0,0,0
8,649,0.0,0.0,0,0,0,0,1,1
9,649,1.0,1.0,1,1,1,1,1,1
4,650,1.0,1.0,0,1,1,0,0,0
7,650,1.0,1.0,0,1,0,0,0,0
8,650,0.0,0.0,0,0,0,1,1,0
9,650,1.0,1.0,1,1,1,1,1,1
4,651,0.0,0.0,1,1,0,0,0,0
7,651,0.0,0.0,1,0,0,0,0,1
8,651,0.0,0.0,0,0,1,1,0,1
9,651,0.0,0.0,1,1,1,1,1,0
4,652,0.0,0.0,1,0,0,0,0,0
7,652,0.0,0.0,0,0,0,0,1,0
8,652,0.0,0.0,0,1,1,0,1,0
9,652,0.0,0.0,1,1,1,1,0,1
4,653,0.0,0.0,0,0,0,0,0,1
7,653,0.0,0.0,0,0,0,1,0,1
8,653,0.0,0.0,1,1,0,1,0,0
9,653,0.0,0.0,1,1,1,0,1,1
4,654,1.0,1.0,0,0,0,0,1,0
7,654,0.0,0.0,0,0,1,0,1,0
8,654,1.0,1.0,1,0,1,0,0,0
9,654,0.0,0.0,1,1,0,1,1,0
4,655,0.0,0.0,0,0,0,1,0,0
7,655,0.0,0.0,0,1,0,1,0,0
8,655,1.0,1.0,0,1,0,0,0,0
9,655,1.0,1.0,1,0,1,1,0,0
4,656,1.0,1.0,0,0,1,0,0,0
7,656,0.0,0.0,1,0,1,0,0,0
8,656,0.0,0.0,1,0,0,0,0,0
9,656,1.0,1.0,0,1,1,0,0,0
4,657,1.0,1.0,0,1,0,0,0,1
7,657,0.0,0.0,0,1,0,0,0,0
8,657,0.0,0.0,0,0,0,0,0,1
9,657,1.0,1.0,1,1,0,0,0,0
4,658,1.0,1.0,1,0,0,0,1,0
7,658,0.0,0.0,1,0,0,0,0,0
8,658,0.0,0.0,0,0,0,0,1,1
9,658,0.0,0.0,1,0,0,0,0,1
4,659,0.0,0.0,0,0,0,1,0,1
7,659,0.0,0.0,0,0,0,0,0,0
8,659,0.0,0.0,0,0,0,1,1,0
9,659,1.0,1.0,0,0,0,0,1,1
4,660,1.0,1.0,0,0,1,0,1,1
7,660,0.0,0.0,0,0,0,0,0,0
8,660,0.0,0.0,0,0,1,1,0,0
9,660,0.0,0.0,0,0,0,1,1,1
4,661,1.0,1.0,0,1,0,1,1,1
7,661,0.0,0.0,0,0,0,0,0,0
8,661,1.0,1.0,0,1,1,0,0,0
9,661,0.0,0.0,0,0,1,1,1,0
4,662,1.0,1.0,1,0,1,1,1,0
7,662,0.0,0.0,0,0,0,0,0,0
8,662,0.0,0.0,1,1,0,0,0,0
9,662,0.0,0.0,0,1,1,1,0,1
4,663,1.0,1.0,0,1,1,1,0,1
7,663,0.0,0.0,0,0,0,0,0,0
8,663,0.0,0.0,1,0,0,0,0,0
9,663,0.0,0.0,1,1,1,0,1,0
4,664,1.0,1.0,1,1,1,0,1,1
7,664,0.0,0.0,0,0,0,0,0,0
8,664,0.0,0.0,0,0,0,0,0,1
9,664,1.0,1.0,1,1,0,1,0,0
4,665,0.0,0.0,1,1,0,1,1,1
7,665,1.0,1.0,0,0,0,0,0,0
8,665,1.0,1.0,0,0,0,0,1,0
9,665,0.0,0.0,1,0,1,0,0,0
4,666,1.0,1.0,1,0,1,1,1,1
7,666,0.0,0.0,0,0,0,0,0,0
8,666,0.0,0.0,0,0,0,1,0,0
9,666,0.0,0.0,0,1,0,0,0,0
4,667,,,0,1,1,1,1,1
7,667,,,0,0,0,0,0,0
8,667,,,0,0,1,0,0,0
9,667,,,1,0,0,0,0,1
4,668,,,1,1,1,1,1,0
7,668,,,0,0,0,0,0,1
8,668,,,0,1,0,0,0,1
9,668,,,0,0,0,0,1,0
4,669,,,1,1,1,1,0,1
7,669,,,0,0,0,0,1,0
8,669,,,1,0,0,0,1,0
9,669,,,0,0,0,1,0,0
